synset,level,parent,samples,num_children,num_classes,wnid,1K
entity.n.01,0,,1281167,2,1000,n00001740,False
physical_entity.n.01,1,entity.n.01,1277267,3,997,n00001930,False
object.n.01,2,physical_entity.n.01,1223254,2,955,n00002684,False
whole.n.02,3,object.n.01,1211554,3,946,n00003553,False
living_thing.n.01,4,whole.n.02,522230,1,407,n00004258,False
organism.n.01,5,living_thing.n.01,522230,3,407,n00004475,False
animal.n.01,6,organism.n.01,510530,2,398,n00015388,False
chordate.n.01,7,animal.n.01,431230,1,337,n01466257,False
vertebrate.n.01,8,chordate.n.01,431230,5,337,n01471682,False
aquatic_vertebrate.n.01,9,vertebrate.n.01,20334,1,16,n01473806,False
fish.n.01,10,aquatic_vertebrate.n.01,20334,3,16,n02512053,False
bony_fish.n.01,11,fish.n.01,11234,1,9,n02514825,False
teleost_fish.n.01,12,bony_fish.n.01,11234,3,9,n02528163,False
soft-finned_fish.n.01,13,teleost_fish.n.01,3765,2,3,n01428580,False
cypriniform_fish.n.01,14,soft-finned_fish.n.01,2600,1,2,n01438208,False
cyprinid.n.01,15,cypriniform_fish.n.01,2600,2,2,n01439121,False
tench.n.01,16,cyprinid.n.01,1300,0,1,n01440764,True
goldfish.n.01,16,cyprinid.n.01,1300,0,1,n01443537,True
cartilaginous_fish.n.01,11,fish.n.01,6500,1,5,n01480516,False
elasmobranch.n.01,12,cartilaginous_fish.n.01,6500,2,5,n01482071,False
shark.n.01,13,elasmobranch.n.01,3900,3,3,n01482330,False
mackerel_shark.n.01,14,shark.n.01,1300,1,1,n01483522,False
great_white_shark.n.01,15,mackerel_shark.n.01,1300,0,1,n01484850,True
requiem_shark.n.01,14,shark.n.01,1300,1,1,n01488918,False
tiger_shark.n.01,15,requiem_shark.n.01,1300,0,1,n01491361,True
hammerhead.n.03,14,shark.n.01,1300,0,1,n01494475,True
ray.n.07,13,elasmobranch.n.01,2600,2,2,n01495701,False
electric_ray.n.01,14,ray.n.07,1300,0,1,n01496331,True
stingray.n.01,14,ray.n.07,1300,0,1,n01498041,True
bird.n.01,9,vertebrate.n.01,76541,12,59,n01503061,False
cock.n.05,10,bird.n.01,1300,0,1,n01514668,True
hen.n.02,10,bird.n.01,1300,0,1,n01514859,True
ratite.n.01,10,bird.n.01,1300,1,1,n01517565,False
ostrich.n.02,11,ratite.n.01,1300,0,1,n01518878,True
passerine.n.01,10,bird.n.01,14300,1,11,n01524359,False
oscine.n.01,11,passerine.n.01,14300,5,11,n01525720,False
finch.n.01,12,oscine.n.01,6500,5,5,n01529672,False
brambling.n.01,13,finch.n.01,1300,0,1,n01530575,True
goldfinch.n.02,13,finch.n.01,1300,0,1,n01531178,True
house_finch.n.01,13,finch.n.01,1300,0,1,n01532829,True
junco.n.01,13,finch.n.01,1300,0,1,n01534433,True
bunting.n.02,13,finch.n.01,1300,1,1,n01537134,False
indigo_bunting.n.01,14,bunting.n.02,1300,0,1,n01537544,True
thrush.n.03,12,oscine.n.01,2600,2,2,n01557185,False
robin.n.02,13,thrush.n.03,1300,0,1,n01558993,True
nightingale.n.01,13,thrush.n.03,1300,1,1,n01560105,False
bulbul.n.01,14,nightingale.n.01,1300,0,1,n01560419,True
corvine_bird.n.01,12,oscine.n.01,2600,2,2,n01578575,False
jay.n.02,13,corvine_bird.n.01,1300,0,1,n01580077,True
magpie.n.01,13,corvine_bird.n.01,1300,0,1,n01582220,True
titmouse.n.01,12,oscine.n.01,1300,1,1,n01591697,False
chickadee.n.01,13,titmouse.n.01,1300,0,1,n01592084,True
water_ouzel.n.01,12,oscine.n.01,1300,0,1,n01601694,True
bird_of_prey.n.01,10,bird.n.01,5200,4,4,n01604330,False
hawk.n.01,11,bird_of_prey.n.01,1300,1,1,n01605630,False
kite.n.04,12,hawk.n.01,1300,0,1,n01608432,True
eagle.n.01,11,bird_of_prey.n.01,1300,1,1,n01613294,False
bald_eagle.n.01,12,eagle.n.01,1300,0,1,n01614925,True
vulture.n.01,11,bird_of_prey.n.01,1300,0,1,n01616318,True
owl.n.01,11,bird_of_prey.n.01,1300,1,1,n01621127,False
great_grey_owl.n.01,12,owl.n.01,1300,0,1,n01622779,True
amphibian.n.03,9,vertebrate.n.01,10400,2,8,n01627424,False
salamander.n.01,10,amphibian.n.03,6500,3,5,n01629276,False
european_fire_salamander.n.01,11,salamander.n.01,1300,0,1,n01629819,True
newt.n.01,11,salamander.n.01,2600,2,2,n01630284,False
common_newt.n.01,12,newt.n.01,1300,0,1,n01630670,True
eft.n.01,12,newt.n.01,1300,0,1,n01631663,True
ambystomid.n.01,11,salamander.n.01,2600,2,2,n01632047,False
spotted_salamander.n.01,12,ambystomid.n.01,1300,0,1,n01632458,True
axolotl.n.01,12,ambystomid.n.01,1300,0,1,n01632777,True
frog.n.01,10,amphibian.n.03,3900,3,3,n01639765,False
true_frog.n.01,11,frog.n.01,1300,1,1,n01640846,False
bullfrog.n.01,12,true_frog.n.01,1300,0,1,n01641577,True
tree_frog.n.02,11,frog.n.01,1300,0,1,n01644373,True
tailed_frog.n.01,11,frog.n.01,1300,0,1,n01644900,True
reptile.n.01,9,vertebrate.n.01,46354,2,36,n01661091,False
anapsid.n.01,10,reptile.n.01,6500,1,5,n01661592,False
chelonian.n.01,11,anapsid.n.01,6500,1,5,n01662622,False
turtle.n.02,12,chelonian.n.01,6500,4,5,n01662784,False
sea_turtle.n.01,13,turtle.n.02,2600,2,2,n01663401,False
loggerhead.n.02,14,sea_turtle.n.01,1300,0,1,n01664065,True
leatherback_turtle.n.01,14,sea_turtle.n.01,1300,0,1,n01665541,True
mud_turtle.n.01,13,turtle.n.02,1300,0,1,n01667114,True
terrapin.n.01,13,turtle.n.02,1300,0,1,n01667778,True
box_turtle.n.01,13,turtle.n.02,1300,0,1,n01669191,True
diapsid.n.01,10,reptile.n.01,39854,4,31,n01661818,False
saurian.n.01,11,diapsid.n.01,14117,1,11,n01674216,False
lizard.n.01,12,saurian.n.01,14117,9,11,n01674464,False
gecko.n.01,13,lizard.n.01,1300,1,1,n01674990,False
banded_gecko.n.01,14,gecko.n.01,1300,0,1,n01675722,True
iguanid.n.01,13,lizard.n.01,2600,2,2,n01676755,False
common_iguana.n.01,14,iguanid.n.01,1300,0,1,n01677366,True
american_chameleon.n.01,14,iguanid.n.01,1300,0,1,n01682714,True
teiid_lizard.n.01,13,lizard.n.01,1300,1,1,n01685439,False
whiptail.n.01,14,teiid_lizard.n.01,1300,0,1,n01685808,True
agamid.n.01,13,lizard.n.01,2417,2,2,n01687665,False
agama.n.01,14,agamid.n.01,1300,0,1,n01687978,True
frilled_lizard.n.01,14,agamid.n.01,1117,0,1,n01688243,True
anguid_lizard.n.01,13,lizard.n.01,1300,1,1,n01689411,False
alligator_lizard.n.01,14,anguid_lizard.n.01,1300,0,1,n01689811,True
venomous_lizard.n.01,13,lizard.n.01,1300,1,1,n01691951,False
gila_monster.n.01,14,venomous_lizard.n.01,1300,0,1,n01692333,True
lacertid_lizard.n.01,13,lizard.n.01,1300,1,1,n01692864,False
green_lizard.n.01,14,lacertid_lizard.n.01,1300,0,1,n01693334,True
chameleon.n.03,13,lizard.n.01,1300,1,1,n01693783,False
african_chameleon.n.01,14,chameleon.n.03,1300,0,1,n01694178,True
monitor.n.07,13,lizard.n.01,1300,1,1,n01694709,False
komodo_dragon.n.01,14,monitor.n.07,1300,0,1,n01695060,True
crocodilian_reptile.n.01,11,diapsid.n.01,2600,2,2,n01696633,False
crocodile.n.01,12,crocodilian_reptile.n.01,1300,1,1,n01697178,False
african_crocodile.n.01,13,crocodile.n.01,1300,0,1,n01697457,True
alligator.n.02,12,crocodilian_reptile.n.01,1300,1,1,n01698434,False
american_alligator.n.01,13,alligator.n.02,1300,0,1,n01698640,True
archosaur.n.01,11,diapsid.n.01,1266,1,1,n01695681,False
dinosaur.n.01,12,archosaur.n.01,1266,1,1,n01699831,False
ornithischian.n.01,13,dinosaur.n.01,1266,1,1,n01700470,False
ceratopsian.n.01,14,ornithischian.n.01,1266,1,1,n01703569,False
triceratops.n.01,15,ceratopsian.n.01,1266,0,1,n01704323,True
snake.n.01,11,diapsid.n.01,21871,5,17,n01726692,False
colubrid_snake.n.01,12,snake.n.01,11700,9,9,n01727646,False
thunder_snake.n.01,13,colubrid_snake.n.01,1300,0,1,n01728572,True
ringneck_snake.n.01,13,colubrid_snake.n.01,1300,0,1,n01728920,True
hognose_snake.n.01,13,colubrid_snake.n.01,1300,0,1,n01729322,True
green_snake.n.02,13,colubrid_snake.n.01,1300,0,1,n01729977,True
king_snake.n.01,13,colubrid_snake.n.01,1300,0,1,n01734418,True
garter_snake.n.01,13,colubrid_snake.n.01,1300,0,1,n01735189,True
water_snake.n.01,13,colubrid_snake.n.01,1300,0,1,n01737021,True
vine_snake.n.01,13,colubrid_snake.n.01,1300,0,1,n01739381,True
night_snake.n.01,13,colubrid_snake.n.01,1300,0,1,n01740131,True
constrictor.n.01,12,snake.n.01,2371,1,2,n01741562,False
boa.n.02,13,constrictor.n.01,2371,2,2,n01741943,False
boa_constrictor.n.01,14,boa.n.02,1300,0,1,n01742172,True
python.n.01,14,boa.n.02,1071,1,1,n01743605,False
rock_python.n.01,15,python.n.01,1071,0,1,n01744401,True
elapid.n.01,12,snake.n.01,2600,2,2,n01745125,False
cobra.n.01,13,elapid.n.01,1300,1,1,n01747885,False
indian_cobra.n.01,14,cobra.n.01,1300,0,1,n01748264,True
mamba.n.01,13,elapid.n.01,1300,1,1,n01749582,False
black_mamba.n.01,14,mamba.n.01,1300,1,1,n01749742,False
green_mamba.n.01,15,black_mamba.n.01,1300,0,1,n01749939,True
sea_snake.n.01,12,snake.n.01,1300,0,1,n01751748,True
viper.n.01,12,snake.n.01,3900,2,3,n01752165,False
horned_viper.n.01,13,viper.n.01,1300,0,1,n01753488,True
pit_viper.n.01,13,viper.n.01,2600,1,2,n01753959,False
rattlesnake.n.01,14,pit_viper.n.01,2600,2,2,n01754876,False
diamondback.n.01,15,rattlesnake.n.01,1300,0,1,n01755581,True
sidewinder.n.01,15,rattlesnake.n.01,1300,0,1,n01756291,True
invertebrate.n.01,7,animal.n.01,79300,5,61,n01905661,False
arthropod.n.01,8,invertebrate.n.01,61100,5,47,n01767661,False
trilobite.n.01,9,arthropod.n.01,1300,0,1,n01768244,True
arachnid.n.01,9,arthropod.n.01,11700,4,9,n01769347,False
harvestman.n.01,10,arachnid.n.01,1300,0,1,n01770081,True
scorpion.n.03,10,arachnid.n.01,1300,0,1,n01770393,True
spider.n.01,10,arachnid.n.01,7800,6,6,n01772222,False
black_and_gold_garden_spider.n.01,11,spider.n.01,1300,0,1,n01773157,True
barn_spider.n.01,11,spider.n.01,1300,0,1,n01773549,True
garden_spider.n.01,11,spider.n.01,1300,0,1,n01773797,True
black_widow.n.01,11,spider.n.01,1300,0,1,n01774384,True
tarantula.n.02,11,spider.n.01,1300,0,1,n01774750,True
wolf_spider.n.01,11,spider.n.01,1300,0,1,n01775062,True
acarine.n.01,10,arachnid.n.01,1300,1,1,n01776192,False
tick.n.02,11,acarine.n.01,1300,0,1,n01776313,True
centipede.n.01,9,arthropod.n.01,1300,0,1,n01784675,True
gallinaceous_bird.n.01,10,bird.n.01,9100,1,7,n01789386,False
game_bird.n.01,11,gallinaceous_bird.n.01,9100,2,7,n02153203,False
grouse.n.02,12,game_bird.n.01,5200,4,4,n01795088,False
black_grouse.n.01,13,grouse.n.02,1300,0,1,n01795545,True
ptarmigan.n.01,13,grouse.n.02,1300,0,1,n01796340,True
ruffed_grouse.n.01,13,grouse.n.02,1300,0,1,n01797886,True
prairie_chicken.n.01,13,grouse.n.02,1300,0,1,n01798484,True
phasianid.n.01,12,game_bird.n.01,3900,3,3,n01802721,False
pheasant.n.01,13,phasianid.n.01,1300,1,1,n01803078,False
peafowl.n.01,14,pheasant.n.01,1300,1,1,n01805801,False
peacock.n.02,15,peafowl.n.01,1300,0,1,n01806143,True
quail.n.02,13,phasianid.n.01,1300,0,1,n01806567,True
partridge.n.03,13,phasianid.n.01,1300,0,1,n01807496,True
parrot.n.01,10,bird.n.01,5200,4,4,n01816887,False
african_grey.n.01,11,parrot.n.01,1300,0,1,n01817953,True
macaw.n.01,11,parrot.n.01,1300,0,1,n01818515,True
cockatoo.n.01,11,parrot.n.01,1300,1,1,n01819115,False
sulphur-crested_cockatoo.n.01,12,cockatoo.n.01,1300,0,1,n01819313,True
lory.n.01,11,parrot.n.01,1300,1,1,n01820348,False
lorikeet.n.01,12,lory.n.01,1300,0,1,n01820546,True
cuculiform_bird.n.01,10,bird.n.01,1300,1,1,n01822602,False
cuckoo.n.02,11,cuculiform_bird.n.01,1300,1,1,n01823013,False
coucal.n.01,12,cuckoo.n.02,1300,0,1,n01824575,True
coraciiform_bird.n.01,10,bird.n.01,2600,2,2,n01825930,False
bee_eater.n.01,11,coraciiform_bird.n.01,1300,0,1,n01828970,True
hornbill.n.01,11,coraciiform_bird.n.01,1300,0,1,n01829413,True
apodiform_bird.n.01,10,bird.n.01,1300,1,1,n01831712,False
hummingbird.n.01,11,apodiform_bird.n.01,1300,0,1,n01833805,True
piciform_bird.n.01,10,bird.n.01,2600,2,2,n01838038,False
jacamar.n.01,11,piciform_bird.n.01,1300,0,1,n01843065,True
toucan.n.01,11,piciform_bird.n.01,1300,0,1,n01843383,True
aquatic_bird.n.01,10,bird.n.01,31041,5,24,n01844917,False
waterfowl.n.01,11,aquatic_bird.n.01,3741,1,3,n01845132,False
anseriform_bird.n.01,12,waterfowl.n.01,3741,2,3,n01845477,False
duck.n.01,13,anseriform_bird.n.01,2441,2,2,n01846331,False
drake.n.02,14,duck.n.01,1300,0,1,n01847000,True
sea_duck.n.01,14,duck.n.01,1141,1,1,n01852861,False
merganser.n.01,15,sea_duck.n.01,1141,1,1,n01854415,False
red-breasted_merganser.n.01,16,merganser.n.01,1141,0,1,n01855032,True
goose.n.01,13,anseriform_bird.n.01,1300,0,1,n01855672,True
swan.n.01,11,aquatic_bird.n.01,1300,1,1,n01858441,False
black_swan.n.01,12,swan.n.01,1300,0,1,n01860187,True
mammal.n.01,9,vertebrate.n.01,277601,4,218,n01861778,False
tusker.n.01,10,mammal.n.01,1300,0,1,n01871265,True
prototherian.n.01,10,mammal.n.01,2572,1,2,n01871543,False
monotreme.n.01,11,prototherian.n.01,2572,2,2,n01871875,False
echidna.n.02,12,monotreme.n.01,1300,0,1,n01872401,True
platypus.n.01,12,monotreme.n.01,1272,0,1,n01873310,True
metatherian.n.01,10,mammal.n.01,3900,1,3,n01873982,False
marsupial.n.01,11,metatherian.n.01,3900,3,3,n01874434,False
kangaroo.n.01,12,marsupial.n.01,1300,1,1,n01877134,False
wallaby.n.01,13,kangaroo.n.01,1300,0,1,n01877812,True
phalanger.n.01,12,marsupial.n.01,1300,1,1,n01881171,False
koala.n.01,13,phalanger.n.01,1300,0,1,n01882714,True
wombat.n.01,12,marsupial.n.01,1300,0,1,n01883070,True
coelenterate.n.01,8,invertebrate.n.01,3900,2,3,n01909422,False
jellyfish.n.02,9,coelenterate.n.01,1300,0,1,n01910747,True
anthozoan.n.01,9,coelenterate.n.01,2600,2,2,n01914163,False
sea_anemone.n.01,10,anthozoan.n.01,1300,0,1,n01914609,True
coral.n.04,10,anthozoan.n.01,1300,1,1,n01915811,False
stony_coral.n.01,11,coral.n.04,1300,1,1,n01916925,False
brain_coral.n.01,12,stony_coral.n.01,1300,0,1,n01917289,True
worm.n.01,8,invertebrate.n.01,2600,2,2,n01922303,False
flatworm.n.01,9,worm.n.01,1300,0,1,n01924916,True
nematode.n.01,9,worm.n.01,1300,0,1,n01930112,True
mollusk.n.01,8,invertebrate.n.01,7800,3,6,n01940736,False
gastropod.n.01,9,mollusk.n.01,5200,4,4,n01942177,False
conch.n.01,10,gastropod.n.01,1300,0,1,n01943899,True
snail.n.01,10,gastropod.n.01,1300,0,1,n01944390,True
slug.n.07,10,gastropod.n.01,1300,0,1,n01945685,True
sea_slug.n.01,10,gastropod.n.01,1300,0,1,n01950731,True
chiton.n.02,9,mollusk.n.01,1300,0,1,n01955084,True
cephalopod.n.01,9,mollusk.n.01,1300,1,1,n01968315,False
chambered_nautilus.n.01,10,cephalopod.n.01,1300,0,1,n01968897,True
crustacean.n.01,9,arthropod.n.01,11700,2,9,n01974773,False
decapod_crustacean.n.01,10,crustacean.n.01,10400,4,8,n01976146,False
crab.n.01,11,decapod_crustacean.n.01,5200,4,4,n01976957,False
dungeness_crab.n.02,12,crab.n.01,1300,0,1,n01978287,True
rock_crab.n.01,12,crab.n.01,1300,0,1,n01978455,True
fiddler_crab.n.01,12,crab.n.01,1300,0,1,n01980166,True
king_crab.n.03,12,crab.n.01,1300,0,1,n01981276,True
lobster.n.02,11,decapod_crustacean.n.01,2600,2,2,n01982650,False
true_lobster.n.01,12,lobster.n.02,1300,1,1,n01983048,False
american_lobster.n.02,13,true_lobster.n.01,1300,0,1,n01983481,True
spiny_lobster.n.02,12,lobster.n.02,1300,0,1,n01984695,True
crayfish.n.03,11,decapod_crustacean.n.01,1300,0,1,n01985128,True
hermit_crab.n.01,11,decapod_crustacean.n.01,1300,0,1,n01986214,True
malacostracan_crustacean.n.01,10,crustacean.n.01,1300,1,1,n01975687,False
isopod.n.01,11,malacostracan_crustacean.n.01,1300,0,1,n01990800,True
wading_bird.n.01,11,aquatic_bird.n.01,20800,9,16,n02000954,False
stork.n.01,12,wading_bird.n.01,2600,2,2,n02002075,False
white_stork.n.01,13,stork.n.01,1300,0,1,n02002556,True
black_stork.n.01,13,stork.n.01,1300,0,1,n02002724,True
spoonbill.n.01,12,wading_bird.n.01,1300,0,1,n02006656,True
flamingo.n.01,12,wading_bird.n.01,1300,0,1,n02007558,True
heron.n.02,12,wading_bird.n.01,3900,3,3,n02008041,False
little_blue_heron.n.01,13,heron.n.02,1300,0,1,n02009229,True
egret.n.01,13,heron.n.02,1300,1,1,n02008796,False
american_egret.n.01,14,egret.n.01,1300,0,1,n02009912,True
bittern.n.01,13,heron.n.02,1300,0,1,n02011460,True
crane.n.05,12,wading_bird.n.01,1300,0,1,n02012849,True
limpkin.n.01,12,wading_bird.n.01,1300,0,1,n02013706,True
gallinule.n.01,11,aquatic_bird.n.01,1300,1,1,n02016358,False
purple_gallinule.n.01,12,gallinule.n.01,1300,1,1,n02016956,False
european_gallinule.n.01,13,purple_gallinule.n.01,1300,0,1,n02017213,True
rail.n.05,12,wading_bird.n.01,1300,1,1,n02014941,False
coot.n.01,13,rail.n.05,1300,1,1,n02018027,False
american_coot.n.01,14,coot.n.01,1300,0,1,n02018207,True
bustard.n.01,12,wading_bird.n.01,1300,0,1,n02018795,True
shorebird.n.01,12,wading_bird.n.01,6500,4,5,n02022684,False
plover.n.01,13,shorebird.n.01,1300,1,1,n02023341,False
turnstone.n.01,14,plover.n.01,1300,1,1,n02025043,False
ruddy_turnstone.n.01,15,turnstone.n.01,1300,0,1,n02025239,True
sandpiper.n.01,13,shorebird.n.01,2600,2,2,n02026059,False
red-backed_sandpiper.n.01,14,sandpiper.n.01,1300,0,1,n02027492,True
redshank.n.01,14,sandpiper.n.01,1300,0,1,n02028035,True
snipe.n.01,13,shorebird.n.01,1300,1,1,n02031934,False
dowitcher.n.01,14,snipe.n.01,1300,0,1,n02033041,True
oystercatcher.n.01,13,shorebird.n.01,1300,0,1,n02037110,True
seabird.n.01,11,aquatic_bird.n.01,3900,3,3,n02021795,False
pelecaniform_seabird.n.01,12,seabird.n.01,1300,1,1,n02051474,False
pelican.n.01,13,pelecaniform_seabird.n.01,1300,0,1,n02051845,True
sphenisciform_seabird.n.01,12,seabird.n.01,1300,1,1,n02055658,False
penguin.n.01,13,sphenisciform_seabird.n.01,1300,1,1,n02055803,False
king_penguin.n.01,14,penguin.n.01,1300,0,1,n02056570,True
pelagic_bird.n.01,12,seabird.n.01,1300,1,1,n02057731,False
albatross.n.02,13,pelagic_bird.n.01,1300,0,1,n02058221,True
placental.n.01,10,mammal.n.01,269829,8,212,n01886756,False
aquatic_mammal.n.01,11,placental.n.01,5050,3,4,n02062017,False
cetacean.n.01,12,aquatic_mammal.n.01,2450,1,2,n02062430,False
whale.n.02,13,cetacean.n.01,2450,2,2,n02062744,False
baleen_whale.n.01,14,whale.n.02,1150,1,1,n02063224,False
grey_whale.n.01,15,baleen_whale.n.01,1150,0,1,n02066245,True
toothed_whale.n.01,14,whale.n.02,1300,1,1,n02066707,False
dolphin.n.02,15,toothed_whale.n.01,1300,1,1,n02068974,False
killer_whale.n.01,16,dolphin.n.02,1300,0,1,n02071294,True
sea_cow.n.01,12,aquatic_mammal.n.01,1300,1,1,n02073250,False
dugong.n.01,13,sea_cow.n.01,1300,0,1,n02074367,True
pinniped_mammal.n.01,12,aquatic_mammal.n.01,1300,1,1,n02075927,False
seal.n.09,13,pinniped_mammal.n.01,1300,1,1,n02076196,False
eared_seal.n.01,14,seal.n.09,1300,1,1,n02076779,False
sea_lion.n.01,15,eared_seal.n.01,1300,0,1,n02077923,True
carnivore.n.01,11,placental.n.01,199873,6,158,n02075296,False
canine.n.02,12,carnivore.n.01,163473,5,130,n02083346,False
dog.n.01,13,canine.n.02,147873,14,118,n02084071,False
toy_dog.n.01,14,dog.n.01,9432,7,8,n02085374,False
chihuahua.n.03,15,toy_dog.n.01,1300,0,1,n02085620,True
japanese_spaniel.n.01,15,toy_dog.n.01,772,0,1,n02085782,True
maltese_dog.n.01,15,toy_dog.n.01,1300,0,1,n02085936,True
pekinese.n.01,15,toy_dog.n.01,1300,0,1,n02086079,True
shih-tzu.n.01,15,toy_dog.n.01,1300,0,1,n02086240,True
toy_spaniel.n.01,15,toy_dog.n.01,2600,2,2,n02086346,False
english_toy_spaniel.n.01,16,toy_spaniel.n.01,1300,1,1,n02086478,False
blenheim_spaniel.n.01,17,english_toy_spaniel.n.01,1300,0,1,n02086646,True
papillon.n.01,16,toy_spaniel.n.01,1300,0,1,n02086910,True
toy_terrier.n.01,15,toy_dog.n.01,860,0,1,n02087046,True
hunting_dog.n.01,14,dog.n.01,78462,4,63,n02087122,False
rhodesian_ridgeback.n.01,15,hunting_dog.n.01,1300,0,1,n02087394,True
hound.n.01,15,hunting_dog.n.01,22575,16,19,n02087551,False
afghan_hound.n.01,16,hound.n.01,1300,0,1,n02088094,True
basset.n.01,16,hound.n.01,1300,0,1,n02088238,True
beagle.n.01,16,hound.n.01,1300,0,1,n02088364,True
bloodhound.n.01,16,hound.n.01,1300,0,1,n02088466,True
bluetick.n.01,16,hound.n.01,1136,0,1,n02088632,True
coonhound.n.01,16,hound.n.01,732,1,1,n02088839,False
black-and-tan_coonhound.n.01,17,coonhound.n.01,732,0,1,n02089078,True
foxhound.n.01,16,hound.n.01,1779,2,2,n02089555,False
walker_hound.n.01,17,foxhound.n.01,1025,0,1,n02089867,True
english_foxhound.n.01,17,foxhound.n.01,754,0,1,n02089973,True
redbone.n.01,16,hound.n.01,1290,0,1,n02090379,True
wolfhound.n.01,16,hound.n.01,2600,2,2,n02090475,False
borzoi.n.01,17,wolfhound.n.01,1300,0,1,n02090622,True
irish_wolfhound.n.01,17,wolfhound.n.01,1300,0,1,n02090721,True
greyhound.n.01,16,hound.n.01,2600,2,2,n02090827,False
italian_greyhound.n.01,17,greyhound.n.01,1300,0,1,n02091032,True
whippet.n.01,17,greyhound.n.01,1300,0,1,n02091134,True
ibizan_hound.n.01,16,hound.n.01,1300,0,1,n02091244,True
norwegian_elkhound.n.01,16,hound.n.01,1300,0,1,n02091467,True
otterhound.n.01,16,hound.n.01,738,0,1,n02091635,True
saluki.n.01,16,hound.n.01,1300,0,1,n02091831,True
scottish_deerhound.n.01,16,hound.n.01,1300,0,1,n02092002,True
weimaraner.n.01,16,hound.n.01,1300,0,1,n02092339,True
terrier.n.01,15,hunting_dog.n.01,32900,22,26,n02092468,False
bullterrier.n.01,16,terrier.n.01,2600,2,2,n02093056,False
staffordshire_bullterrier.n.01,17,bullterrier.n.01,1300,0,1,n02093256,True
american_staffordshire_terrier.n.01,17,bullterrier.n.01,1300,0,1,n02093428,True
bedlington_terrier.n.01,16,terrier.n.01,1258,0,1,n02093647,True
border_terrier.n.01,16,terrier.n.01,1300,0,1,n02093754,True
kerry_blue_terrier.n.01,16,terrier.n.01,1273,0,1,n02093859,True
irish_terrier.n.01,16,terrier.n.01,1300,0,1,n02093991,True
norfolk_terrier.n.01,16,terrier.n.01,1300,0,1,n02094114,True
norwich_terrier.n.01,16,terrier.n.01,1300,0,1,n02094258,True
yorkshire_terrier.n.01,16,terrier.n.01,1300,0,1,n02094433,True
fox_terrier.n.01,16,terrier.n.01,977,1,1,n02095050,False
wire-haired_fox_terrier.n.01,17,fox_terrier.n.01,977,0,1,n02095314,True
wirehair.n.01,16,terrier.n.01,2236,2,2,n02095412,False
lakeland_terrier.n.01,17,wirehair.n.01,1300,0,1,n02095570,True
welsh_terrier.n.01,17,wirehair.n.01,936,1,1,n02095727,False
sealyham_terrier.n.01,18,welsh_terrier.n.01,936,0,1,n02095889,True
airedale.n.01,16,terrier.n.01,1300,0,1,n02096051,True
cairn.n.02,16,terrier.n.01,1300,0,1,n02096177,True
australian_terrier.n.01,16,terrier.n.01,1300,0,1,n02096294,True
dandie_dinmont.n.01,16,terrier.n.01,1156,0,1,n02096437,True
boston_bull.n.01,16,terrier.n.01,1300,0,1,n02096585,True
schnauzer.n.01,16,terrier.n.01,3900,3,3,n02096756,False
miniature_schnauzer.n.01,17,schnauzer.n.01,1300,0,1,n02097047,True
giant_schnauzer.n.01,17,schnauzer.n.01,1300,0,1,n02097130,True
standard_schnauzer.n.01,17,schnauzer.n.01,1300,0,1,n02097209,True
scotch_terrier.n.01,16,terrier.n.01,1300,0,1,n02097298,True
tibetan_terrier.n.01,16,terrier.n.01,1300,0,1,n02097474,True
silky_terrier.n.01,16,terrier.n.01,1300,0,1,n02097658,True
soft-coated_wheaten_terrier.n.01,16,terrier.n.01,1300,0,1,n02098105,True
west_highland_white_terrier.n.01,16,terrier.n.01,1300,0,1,n02098286,True
lhasa.n.02,16,terrier.n.01,1300,0,1,n02098413,True
sporting_dog.n.01,15,hunting_dog.n.01,21687,4,17,n02098550,False
retriever.n.01,16,sporting_dog.n.01,6418,5,5,n02099029,False
flat-coated_retriever.n.01,17,retriever.n.01,1300,0,1,n02099267,True
curly-coated_retriever.n.01,17,retriever.n.01,1218,0,1,n02099429,True
golden_retriever.n.01,17,retriever.n.01,1300,0,1,n02099601,True
labrador_retriever.n.01,17,retriever.n.01,1300,0,1,n02099712,True
chesapeake_bay_retriever.n.01,17,retriever.n.01,1300,0,1,n02099849,True
pointer.n.04,16,sporting_dog.n.01,2600,2,2,n02099997,False
german_short-haired_pointer.n.01,17,pointer.n.04,1300,0,1,n02100236,True
vizsla.n.01,17,pointer.n.04,1300,0,1,n02100583,True
setter.n.02,16,sporting_dog.n.01,3900,3,3,n02100399,False
english_setter.n.01,17,setter.n.02,1300,0,1,n02100735,True
irish_setter.n.01,17,setter.n.02,1300,0,1,n02100877,True
gordon_setter.n.01,17,setter.n.02,1300,0,1,n02101006,True
spaniel.n.01,16,sporting_dog.n.01,8769,6,7,n02101108,False
brittany_spaniel.n.01,17,spaniel.n.01,1300,0,1,n02101388,True
clumber.n.01,17,spaniel.n.01,1300,0,1,n02101556,True
springer_spaniel.n.01,17,spaniel.n.01,2600,2,2,n02101861,False
english_springer.n.01,18,springer_spaniel.n.01,1300,0,1,n02102040,True
welsh_springer_spaniel.n.01,18,springer_spaniel.n.01,1300,0,1,n02102177,True
cocker_spaniel.n.01,17,spaniel.n.01,1300,0,1,n02102318,True
sussex_spaniel.n.01,17,spaniel.n.01,1300,0,1,n02102480,True
water_spaniel.n.01,17,spaniel.n.01,969,1,1,n02102605,False
irish_water_spaniel.n.01,18,water_spaniel.n.01,969,0,1,n02102973,True
working_dog.n.01,14,dog.n.01,38654,11,30,n02103406,False
watchdog.n.02,15,working_dog.n.01,6154,3,5,n02103841,False
kuvasz.n.01,16,watchdog.n.02,1300,0,1,n02104029,True
schipperke.n.01,16,watchdog.n.02,1300,0,1,n02104365,True
shepherd_dog.n.01,15,working_dog.n.01,15600,11,12,n02104523,False
belgian_sheepdog.n.01,16,shepherd_dog.n.01,2600,2,2,n02104882,False
groenendael.n.01,17,belgian_sheepdog.n.01,1300,0,1,n02105056,True
malinois.n.01,17,belgian_sheepdog.n.01,1300,0,1,n02105162,True
briard.n.01,16,shepherd_dog.n.01,1300,0,1,n02105251,True
kelpie.n.02,16,shepherd_dog.n.01,1300,0,1,n02105412,True
komondor.n.01,16,shepherd_dog.n.01,1300,0,1,n02105505,True
old_english_sheepdog.n.01,16,shepherd_dog.n.01,1300,0,1,n02105641,True
shetland_sheepdog.n.01,16,shepherd_dog.n.01,1300,0,1,n02105855,True
collie.n.01,16,shepherd_dog.n.01,1300,0,1,n02106030,True
border_collie.n.01,16,shepherd_dog.n.01,1300,0,1,n02106166,True
bouvier_des_flandres.n.01,16,shepherd_dog.n.01,1300,0,1,n02106382,True
rottweiler.n.01,16,shepherd_dog.n.01,1300,0,1,n02106550,True
german_shepherd.n.01,16,shepherd_dog.n.01,1300,0,1,n02106662,True
pinscher.n.01,16,watchdog.n.02,3554,3,3,n02106966,False
doberman.n.01,17,pinscher.n.01,1300,0,1,n02107142,True
miniature_pinscher.n.01,17,pinscher.n.01,1300,0,1,n02107312,True
sennenhunde.n.01,15,working_dog.n.01,5200,4,4,n02107420,False
greater_swiss_mountain_dog.n.01,16,sennenhunde.n.01,1300,0,1,n02107574,True
bernese_mountain_dog.n.01,16,sennenhunde.n.01,1300,0,1,n02107683,True
appenzeller.n.01,16,sennenhunde.n.01,1300,0,1,n02107908,True
entlebucher.n.01,16,sennenhunde.n.01,1300,0,1,n02108000,True
boxer.n.04,15,working_dog.n.01,1300,0,1,n02108089,True
bull_mastiff.n.01,15,working_dog.n.01,1300,0,1,n02108422,True
mastiff.n.01,15,working_dog.n.01,1300,1,1,n02108254,False
tibetan_mastiff.n.01,16,mastiff.n.01,1300,0,1,n02108551,True
bulldog.n.01,15,working_dog.n.01,1300,1,1,n02108672,False
french_bulldog.n.01,16,bulldog.n.01,1300,0,1,n02108915,True
great_dane.n.01,15,working_dog.n.01,1300,0,1,n02109047,True
saint_bernard.n.01,15,working_dog.n.01,1300,0,1,n02109525,True
eskimo_dog.n.01,15,working_dog.n.01,1300,0,1,n02109961,True
sled_dog.n.01,15,working_dog.n.01,2600,2,2,n02109811,False
malamute.n.01,16,sled_dog.n.01,1300,0,1,n02110063,True
siberian_husky.n.01,16,sled_dog.n.01,1300,0,1,n02110185,True
dalmatian.n.02,14,dog.n.01,1300,0,1,n02110341,True
affenpinscher.n.01,17,pinscher.n.01,954,0,1,n02110627,True
basenji.n.01,14,dog.n.01,1300,0,1,n02110806,True
pug.n.01,14,dog.n.01,1300,0,1,n02110958,True
leonberg.n.01,14,dog.n.01,1300,0,1,n02111129,True
newfoundland.n.01,14,dog.n.01,1300,0,1,n02111277,True
great_pyrenees.n.01,14,dog.n.01,1300,0,1,n02111500,True
spitz.n.01,14,dog.n.01,5200,4,4,n02111626,False
samoyed.n.03,15,spitz.n.01,1300,0,1,n02111889,True
pomeranian.n.01,15,spitz.n.01,1300,0,1,n02112018,True
chow.n.03,15,spitz.n.01,1300,0,1,n02112137,True
keeshond.n.01,15,spitz.n.01,1300,0,1,n02112350,True
griffon.n.02,14,dog.n.01,1070,1,1,n02112497,False
brabancon_griffon.n.01,15,griffon.n.02,1070,0,1,n02112706,True
corgi.n.01,14,dog.n.01,2600,2,2,n02112826,False
pembroke.n.01,15,corgi.n.01,1300,0,1,n02113023,True
cardigan.n.02,15,corgi.n.01,1300,0,1,n02113186,True
poodle.n.01,14,dog.n.01,3900,3,3,n02113335,False
toy_poodle.n.01,15,poodle.n.01,1300,0,1,n02113624,True
miniature_poodle.n.01,15,poodle.n.01,1300,0,1,n02113712,True
standard_poodle.n.01,15,poodle.n.01,1300,0,1,n02113799,True
mexican_hairless.n.01,14,dog.n.01,755,0,1,n02113978,True
wolf.n.01,13,canine.n.02,5200,4,4,n02114100,False
timber_wolf.n.01,14,wolf.n.01,1300,0,1,n02114367,True
white_wolf.n.01,14,wolf.n.01,1300,0,1,n02114548,True
red_wolf.n.01,14,wolf.n.01,1300,0,1,n02114712,True
coyote.n.01,14,wolf.n.01,1300,0,1,n02114855,True
wild_dog.n.01,13,canine.n.02,3900,3,3,n02115335,False
dingo.n.01,14,wild_dog.n.01,1300,0,1,n02115641,True
dhole.n.01,14,wild_dog.n.01,1300,0,1,n02115913,True
african_hunting_dog.n.01,14,wild_dog.n.01,1300,0,1,n02116738,True
hyena.n.01,13,canine.n.02,1300,0,1,n02117135,True
fox.n.01,13,canine.n.02,5200,4,4,n02118333,False
red_fox.n.03,14,fox.n.01,1300,0,1,n02119022,True
kit_fox.n.01,14,fox.n.01,1300,0,1,n02119789,True
arctic_fox.n.01,14,fox.n.01,1300,0,1,n02120079,True
grey_fox.n.01,14,fox.n.01,1300,0,1,n02120505,True
feline.n.01,12,carnivore.n.01,16900,2,13,n02120997,False
cat.n.01,13,feline.n.01,9100,2,7,n02121620,False
domestic_cat.n.01,14,cat.n.01,6500,5,5,n02121808,False
tabby.n.01,15,domestic_cat.n.01,1300,0,1,n02123045,True
tiger_cat.n.02,15,domestic_cat.n.01,1300,0,1,n02123159,True
persian_cat.n.01,15,domestic_cat.n.01,1300,0,1,n02123394,True
siamese_cat.n.01,15,domestic_cat.n.01,1300,0,1,n02123597,True
egyptian_cat.n.01,15,domestic_cat.n.01,1300,0,1,n02124075,True
wildcat.n.03,14,cat.n.01,2600,2,2,n02124623,False
cougar.n.01,15,wildcat.n.03,1300,0,1,n02125311,True
lynx.n.02,15,wildcat.n.03,1300,0,1,n02127052,True
big_cat.n.01,13,feline.n.01,7800,6,6,n02127808,False
leopard.n.02,14,big_cat.n.01,1300,0,1,n02128385,True
snow_leopard.n.01,14,big_cat.n.01,1300,0,1,n02128757,True
jaguar.n.01,14,big_cat.n.01,1300,0,1,n02128925,True
lion.n.01,14,big_cat.n.01,1300,0,1,n02129165,True
tiger.n.02,14,big_cat.n.01,1300,0,1,n02129604,True
cheetah.n.01,14,big_cat.n.01,1300,0,1,n02130308,True
bear.n.01,12,carnivore.n.01,5200,4,4,n02131653,False
brown_bear.n.01,13,bear.n.01,1300,0,1,n02132136,True
american_black_bear.n.01,13,bear.n.01,1300,0,1,n02133161,True
ice_bear.n.01,13,bear.n.01,1300,0,1,n02134084,True
sloth_bear.n.01,13,bear.n.01,1300,0,1,n02134418,True
viverrine.n.01,12,carnivore.n.01,2600,2,2,n02134971,False
mongoose.n.01,13,viverrine.n.01,1300,0,1,n02137549,True
meerkat.n.01,13,viverrine.n.01,1300,0,1,n02138441,True
insect.n.01,9,arthropod.n.01,35100,10,27,n02159955,False
beetle.n.01,10,insect.n.01,10400,7,8,n02164464,False
tiger_beetle.n.01,11,beetle.n.01,1300,0,1,n02165105,True
ladybug.n.01,11,beetle.n.01,1300,0,1,n02165456,True
ground_beetle.n.01,11,beetle.n.01,1300,0,1,n02167151,True
long-horned_beetle.n.01,11,beetle.n.01,1300,0,1,n02168699,True
leaf_beetle.n.01,11,beetle.n.01,1300,0,1,n02169497,True
lamellicorn_beetle.n.01,11,beetle.n.01,2600,1,2,n02171453,False
scarabaeid_beetle.n.01,12,lamellicorn_beetle.n.01,2600,2,2,n02171869,False
dung_beetle.n.01,13,scarabaeid_beetle.n.01,1300,0,1,n02172182,True
rhinoceros_beetle.n.01,13,scarabaeid_beetle.n.01,1300,0,1,n02174001,True
weevil.n.01,11,beetle.n.01,1300,0,1,n02177972,True
dipterous_insect.n.01,10,insect.n.01,1300,1,1,n02188699,False
fly.n.01,11,dipterous_insect.n.01,1300,0,1,n02190166,True
hymenopterous_insect.n.01,10,insect.n.01,2600,2,2,n02206270,False
bee.n.01,11,hymenopterous_insect.n.01,1300,0,1,n02206856,True
ant.n.01,11,hymenopterous_insect.n.01,1300,0,1,n02219486,True
orthopterous_insect.n.01,10,insect.n.01,2600,2,2,n02226183,False
grasshopper.n.01,11,orthopterous_insect.n.01,1300,0,1,n02226429,True
cricket.n.01,11,orthopterous_insect.n.01,1300,0,1,n02229544,True
phasmid.n.01,10,insect.n.01,1300,1,1,n02231052,False
walking_stick.n.02,11,phasmid.n.01,1300,0,1,n02231487,True
dictyopterous_insect.n.01,10,insect.n.01,2600,2,2,n02232951,False
cockroach.n.01,11,dictyopterous_insect.n.01,1300,0,1,n02233338,True
mantis.n.01,11,dictyopterous_insect.n.01,1300,0,1,n02236044,True
homopterous_insect.n.01,10,insect.n.01,2600,2,2,n02246011,False
cicada.n.01,11,homopterous_insect.n.01,1300,0,1,n02256656,True
leafhopper.n.01,11,homopterous_insect.n.01,1300,0,1,n02259212,True
neuropteron.n.01,10,insect.n.01,1300,1,1,n02263378,False
lacewing.n.01,11,neuropteron.n.01,1300,0,1,n02264363,True
odonate.n.01,10,insect.n.01,2600,2,2,n02268148,False
dragonfly.n.01,11,odonate.n.01,1300,0,1,n02268443,True
damselfly.n.01,11,odonate.n.01,1300,0,1,n02268853,True
lepidopterous_insect.n.01,10,insect.n.01,7800,1,6,n02274024,False
butterfly.n.01,11,lepidopterous_insect.n.01,7800,6,6,n02274259,False
nymphalid.n.01,12,butterfly.n.01,1300,1,1,n02274822,False
admiral.n.02,13,nymphalid.n.01,1300,0,1,n02276258,True
ringlet.n.04,12,butterfly.n.01,1300,0,1,n02277742,True
danaid.n.01,12,butterfly.n.01,1300,1,1,n02279637,False
monarch.n.02,13,danaid.n.01,1300,0,1,n02279972,True
pierid.n.01,12,butterfly.n.01,1300,1,1,n02280458,False
cabbage_butterfly.n.01,13,pierid.n.01,1300,0,1,n02280649,True
sulphur_butterfly.n.01,12,butterfly.n.01,1300,0,1,n02281406,True
lycaenid.n.01,12,butterfly.n.01,1300,0,1,n02281787,True
echinoderm.n.01,8,invertebrate.n.01,3900,3,3,n02316707,False
starfish.n.01,9,echinoderm.n.01,1300,0,1,n02317335,True
sea_urchin.n.01,9,echinoderm.n.01,1300,0,1,n02319095,True
sea_cucumber.n.01,9,echinoderm.n.01,1300,0,1,n02321529,True
lagomorph.n.01,11,placental.n.01,3900,1,3,n02323449,False
leporid.n.01,12,lagomorph.n.01,3900,2,3,n02323902,False
rabbit.n.01,13,leporid.n.01,2600,2,2,n02324045,False
wood_rabbit.n.01,14,rabbit.n.01,1300,0,1,n02325366,True
hare.n.01,13,leporid.n.01,1300,0,1,n02326432,True
angora.n.03,14,rabbit.n.01,1300,0,1,n02328150,True
rodent.n.01,11,placental.n.01,7706,6,6,n02329401,False
hamster.n.01,12,rodent.n.01,1300,0,1,n02342885,True
porcupine.n.01,12,rodent.n.01,1300,0,1,n02346627,True
squirrel.n.01,12,rodent.n.01,1206,1,1,n02355227,False
tree_squirrel.n.01,13,squirrel.n.01,1206,1,1,n02355477,False
fox_squirrel.n.01,14,tree_squirrel.n.01,1206,0,1,n02356798,True
marmot.n.01,12,rodent.n.01,1300,0,1,n02361337,True
beaver.n.07,12,rodent.n.01,1300,0,1,n02363005,True
cavy.n.01,12,rodent.n.01,1300,1,1,n02364520,False
guinea_pig.n.02,13,cavy.n.01,1300,0,1,n02364673,True
ungulate.n.01,11,placental.n.01,22100,2,17,n02370806,False
odd-toed_ungulate.n.01,12,ungulate.n.01,2600,1,2,n02373336,False
equine.n.01,13,odd-toed_ungulate.n.01,2600,2,2,n02374149,False
horse.n.01,14,equine.n.01,1300,1,1,n02374451,False
sorrel.n.05,15,horse.n.01,1300,0,1,n02389026,True
zebra.n.01,14,equine.n.01,1300,0,1,n02391049,True
even-toed_ungulate.n.01,12,ungulate.n.01,19500,5,15,n02394477,False
swine.n.01,13,even-toed_ungulate.n.01,3900,3,3,n02395003,False
hog.n.03,14,swine.n.01,1300,0,1,n02395406,True
wild_boar.n.01,14,swine.n.01,1300,0,1,n02396427,True
warthog.n.01,14,swine.n.01,1300,0,1,n02397096,True
hippopotamus.n.01,13,even-toed_ungulate.n.01,1300,0,1,n02398521,True
ruminant.n.01,13,even-toed_ungulate.n.01,11700,1,9,n02399000,False
bovid.n.01,14,ruminant.n.01,11700,7,9,n02401031,False
bovine.n.01,15,bovid.n.01,1300,1,1,n02402010,False
cattle.n.01,16,bovine.n.01,1300,1,1,n02402425,False
ox.n.01,17,cattle.n.01,1300,0,1,n02403003,True
old_world_buffalo.n.01,15,bovid.n.01,1300,1,1,n02407959,False
water_buffalo.n.01,16,old_world_buffalo.n.01,1300,0,1,n02408429,True
bison.n.01,15,bovid.n.01,1300,0,1,n02410509,True
sheep.n.01,15,bovid.n.01,1300,1,1,n02411705,False
ram.n.05,16,sheep.n.01,1300,0,1,n02412080,True
wild_sheep.n.01,15,bovid.n.01,1300,1,1,n02414578,False
mountain_sheep.n.01,16,wild_sheep.n.01,1300,1,1,n02415435,False
bighorn.n.02,17,mountain_sheep.n.01,1300,0,1,n02415577,True
goat.n.01,15,bovid.n.01,1300,1,1,n02416519,False
wild_goat.n.01,16,goat.n.01,1300,1,1,n02417534,False
ibex.n.01,17,wild_goat.n.01,1300,0,1,n02417914,True
antelope.n.01,15,bovid.n.01,3900,3,3,n02419796,False
hartebeest.n.01,16,antelope.n.01,1300,0,1,n02422106,True
impala.n.01,16,antelope.n.01,1300,0,1,n02422699,True
gazelle.n.01,16,antelope.n.01,1300,0,1,n02423022,True
camel.n.01,13,even-toed_ungulate.n.01,1300,1,1,n02437136,False
arabian_camel.n.01,14,camel.n.01,1300,0,1,n02437312,True
llama.n.01,13,even-toed_ungulate.n.01,1300,0,1,n02437616,True
musteline_mammal.n.01,12,carnivore.n.01,9100,7,7,n02441326,False
weasel.n.02,13,musteline_mammal.n.01,1300,0,1,n02441942,True
mink.n.03,13,musteline_mammal.n.01,1300,0,1,n02442845,True
polecat.n.02,13,musteline_mammal.n.01,1300,0,1,n02443114,True
black-footed_ferret.n.01,13,musteline_mammal.n.01,1300,0,1,n02443484,True
otter.n.02,13,musteline_mammal.n.01,1300,0,1,n02444819,True
skunk.n.04,13,musteline_mammal.n.01,1300,0,1,n02445715,True
badger.n.02,13,musteline_mammal.n.01,1300,0,1,n02447366,True
edentate.n.01,11,placental.n.01,2600,2,2,n02453611,False
armadillo.n.01,12,edentate.n.01,1300,0,1,n02454379,True
sloth.n.02,12,edentate.n.01,1300,1,1,n02456962,False
three-toed_sloth.n.01,13,sloth.n.02,1300,0,1,n02457408,True
primate.n.02,11,placental.n.01,26000,3,20,n02469914,False
ape.n.01,12,primate.n.02,6500,1,5,n02470325,False
anthropoid_ape.n.01,13,ape.n.01,6500,2,5,n02470899,False
great_ape.n.01,14,anthropoid_ape.n.01,3900,3,3,n02480153,False
orangutan.n.01,15,great_ape.n.01,1300,0,1,n02480495,True
gorilla.n.01,15,great_ape.n.01,1300,0,1,n02480855,True
chimpanzee.n.01,15,great_ape.n.01,1300,0,1,n02481823,True
lesser_ape.n.01,14,anthropoid_ape.n.01,2600,2,2,n02483092,False
gibbon.n.02,15,lesser_ape.n.01,1300,0,1,n02483362,True
siamang.n.01,15,lesser_ape.n.01,1300,0,1,n02483708,True
monkey.n.01,12,primate.n.02,16900,2,13,n02484322,False
old_world_monkey.n.01,13,monkey.n.01,9100,7,7,n02484473,False
guenon.n.01,14,old_world_monkey.n.01,1300,0,1,n02484975,True
patas.n.01,14,old_world_monkey.n.01,1300,0,1,n02486261,True
baboon.n.01,14,old_world_monkey.n.01,1300,0,1,n02486410,True
macaque.n.01,14,old_world_monkey.n.01,1300,0,1,n02487347,True
langur.n.01,14,old_world_monkey.n.01,1300,0,1,n02488291,True
colobus.n.01,14,old_world_monkey.n.01,1300,0,1,n02488702,True
proboscis_monkey.n.01,14,old_world_monkey.n.01,1300,0,1,n02489166,True
new_world_monkey.n.01,13,monkey.n.01,7800,6,6,n02489589,False
marmoset.n.01,14,new_world_monkey.n.01,1300,0,1,n02490219,True
capuchin.n.02,14,new_world_monkey.n.01,1300,0,1,n02492035,True
howler_monkey.n.01,14,new_world_monkey.n.01,1300,0,1,n02492660,True
titi.n.03,14,new_world_monkey.n.01,1300,0,1,n02493509,True
spider_monkey.n.01,14,new_world_monkey.n.01,1300,0,1,n02493793,True
squirrel_monkey.n.01,14,new_world_monkey.n.01,1300,0,1,n02494079,True
lemur.n.01,12,primate.n.02,2600,2,2,n02496913,False
madagascar_cat.n.01,13,lemur.n.01,1300,0,1,n02497673,True
indri.n.01,13,lemur.n.01,1300,0,1,n02500267,True
pachyderm.n.01,11,placental.n.01,2600,1,2,n02453108,False
elephant.n.01,12,pachyderm.n.01,2600,2,2,n02503517,False
indian_elephant.n.01,13,elephant.n.01,1300,0,1,n02504013,True
african_elephant.n.01,13,elephant.n.01,1300,0,1,n02504458,True
procyonid.n.01,12,carnivore.n.01,2600,2,2,n02507649,False
lesser_panda.n.01,13,procyonid.n.01,1300,0,1,n02509815,True
giant_panda.n.01,13,procyonid.n.01,1300,0,1,n02510455,True
food_fish.n.01,11,fish.n.01,2600,2,2,n02512938,False
barracouta.n.01,12,food_fish.n.01,1300,0,1,n02514041,True
eel.n.02,14,soft-finned_fish.n.01,1165,0,1,n02526121,True
salmon.n.01,12,food_fish.n.01,1300,1,1,n02534734,False
coho.n.02,13,salmon.n.01,1300,0,1,n02536864,True
spiny-finned_fish.n.01,13,teleost_fish.n.01,4869,3,4,n02552171,False
percoid_fish.n.01,14,spiny-finned_fish.n.01,2269,2,2,n02554730,False
butterfly_fish.n.01,15,percoid_fish.n.01,969,1,1,n02605316,False
rock_beauty.n.01,16,butterfly_fish.n.01,969,0,1,n02606052,True
damselfish.n.01,15,percoid_fish.n.01,1300,1,1,n02606384,False
anemone_fish.n.01,16,damselfish.n.01,1300,0,1,n02607072,True
ganoid.n.01,13,teleost_fish.n.01,2600,2,2,n02638596,False
sturgeon.n.01,14,ganoid.n.01,1300,0,1,n02640242,True
gar.n.01,14,ganoid.n.01,1300,0,1,n02641379,True
scorpaenoid.n.01,14,spiny-finned_fish.n.01,1300,1,1,n02642107,False
scorpaenid.n.01,15,scorpaenoid.n.01,1300,1,1,n02642644,False
lionfish.n.01,16,scorpaenid.n.01,1300,0,1,n02643566,True
plectognath.n.01,14,spiny-finned_fish.n.01,1300,1,1,n02652668,False
puffer.n.02,15,plectognath.n.01,1300,0,1,n02655020,True
artifact.n.01,4,whole.n.02,667224,11,522,n00021939,False
instrumentality.n.03,5,artifact.n.01,447084,10,350,n03575240,False
device.n.01,6,instrumentality.n.03,158339,28,124,n03183080,False
machine.n.01,7,device.n.01,16390,6,13,n03699975,False
calculator.n.02,8,machine.n.01,1300,1,1,n02938886,False
abacus.n.02,9,calculator.n.02,1300,0,1,n02666196,True
commodity.n.01,5,artifact.n.01,76569,2,60,n03076708,False
consumer_goods.n.01,6,commodity.n.01,75269,2,59,n03093574,False
clothing.n.01,7,consumer_goods.n.01,59996,11,47,n03051540,False
garment.n.01,8,clothing.n.01,31487,12,25,n03419014,False
robe.n.01,9,garment.n.01,2600,2,2,n04097866,False
abaya.n.01,10,robe.n.01,1300,0,1,n02667093,True
outerwear.n.01,8,clothing.n.01,2600,1,2,n03859495,False
gown.n.05,9,outerwear.n.01,2600,2,2,n03450516,False
academic_gown.n.01,10,gown.n.05,1300,0,1,n02669723,True
musical_instrument.n.01,7,device.n.01,33782,4,26,n03800933,False
wind_instrument.n.01,8,musical_instrument.n.01,14300,5,11,n04586932,False
free-reed_instrument.n.01,9,wind_instrument.n.01,2600,2,2,n03393324,False
accordion.n.01,10,free-reed_instrument.n.01,1300,0,1,n02672831,True
stringed_instrument.n.01,8,musical_instrument.n.01,7800,4,6,n04338517,False
guitar.n.01,9,stringed_instrument.n.01,2600,2,2,n03467517,False
acoustic_guitar.n.01,10,guitar.n.01,1300,0,1,n02676566,True
conveyance.n.03,6,instrumentality.n.03,37362,3,29,n03100490,False
vehicle.n.01,7,conveyance.n.03,30862,4,24,n04524313,False
military_vehicle.n.01,8,vehicle.n.01,3900,2,3,n03764276,False
warship.n.01,9,military_vehicle.n.01,2600,2,2,n04552696,False
aircraft_carrier.n.01,10,warship.n.01,1300,0,1,n02687172,True
craft.n.02,8,vehicle.n.01,23062,3,18,n03125870,False
aircraft.n.01,9,craft.n.02,5200,2,4,n02686568,False
heavier-than-air_craft.n.01,10,aircraft.n.01,2600,2,2,n03510583,False
airplane.n.01,11,heavier-than-air_craft.n.01,1300,1,1,n02691156,False
airliner.n.01,12,airplane.n.01,1300,0,1,n02690373,True
lighter-than-air_craft.n.01,10,aircraft.n.01,2600,2,2,n03666917,False
airship.n.01,11,lighter-than-air_craft.n.01,1300,0,1,n02692877,True
structure.n.01,5,artifact.n.01,73100,18,57,n04341686,False
altar.n.02,6,structure.n.01,1300,0,1,n02699494,True
container.n.01,6,instrumentality.n.03,117911,20,92,n03094503,False
wheeled_vehicle.n.01,7,container.n.01,53159,8,41,n04576211,False
self-propelled_vehicle.n.01,8,wheeled_vehicle.n.01,37559,8,29,n04170037,False
motor_vehicle.n.01,9,self-propelled_vehicle.n.01,27159,6,21,n03791235,False
car.n.01,10,motor_vehicle.n.01,13000,10,10,n02958343,False
ambulance.n.01,11,car.n.01,1300,0,1,n02701002,True
amphibian.n.01,10,motor_vehicle.n.01,1300,0,1,n02704792,True
instrument.n.01,7,device.n.01,34201,7,27,n03574816,False
measuring_instrument.n.01,8,instrument.n.01,14863,5,12,n03733925,False
timepiece.n.01,9,measuring_instrument.n.01,9764,5,8,n04437953,False
clock.n.01,10,timepiece.n.01,3891,3,3,n03046257,False
analog_clock.n.01,11,clock.n.01,1292,0,1,n02708093,True
building.n.01,6,structure.n.01,18025,9,14,n02913152,False
outbuilding.n.01,7,building.n.01,2600,1,2,n03859280,False
shed.n.01,8,outbuilding.n.01,2600,2,2,n04187547,False
apiary.n.01,9,shed.n.01,1300,0,1,n02727426,True
protective_garment.n.01,8,clothing.n.01,2600,2,2,n04015204,False
apron.n.01,9,protective_garment.n.01,1300,0,1,n02730930,True
bin.n.01,7,container.n.01,1300,1,1,n02839910,False
ashcan.n.01,8,bin.n.01,1300,0,1,n02747177,True
weapon.n.01,8,instrument.n.01,7800,3,6,n04565375,False
gun.n.01,9,weapon.n.01,5200,2,4,n03467984,False
firearm.n.01,10,gun.n.01,3900,3,3,n03343853,False
autoloader.n.01,11,firearm.n.01,1300,1,1,n02759963,False
automatic_firearm.n.01,12,autoloader.n.01,1300,1,1,n02760429,False
automatic_rifle.n.01,13,automatic_firearm.n.01,1300,1,1,n02760855,False
assault_rifle.n.01,14,automatic_rifle.n.01,1300,0,1,n02749479,True
bag.n.01,7,container.n.01,6269,5,5,n02773037,False
backpack.n.01,8,bag.n.01,1300,0,1,n02769748,True
establishment.n.04,6,structure.n.01,12950,2,10,n03297735,False
place_of_business.n.01,7,establishment.n.04,11650,1,9,n03953020,False
mercantile_establishment.n.01,8,place_of_business.n.01,11650,2,9,n03748162,False
shop.n.01,9,mercantile_establishment.n.01,10350,8,8,n04202417,False
bakery.n.01,10,shop.n.01,1300,0,1,n02776631,True
equipment.n.01,6,instrumentality.n.03,47878,7,37,n03294048,False
sports_equipment.n.01,7,equipment.n.01,7800,3,6,n04285146,False
gymnastic_apparatus.n.01,8,sports_equipment.n.01,3900,3,3,n03472232,False
balance_beam.n.01,9,gymnastic_apparatus.n.01,1300,0,1,n02777292,True
balloon.n.01,11,lighter-than-air_craft.n.01,1300,0,1,n02782093,True
implement.n.01,6,instrumentality.n.03,44896,11,36,n03563967,False
writing_implement.n.01,7,implement.n.01,3836,1,3,n04608567,False
pen.n.01,8,writing_implement.n.01,3836,3,3,n03906997,False
ballpoint.n.01,9,pen.n.01,1236,0,1,n02783161,True
covering.n.02,5,artifact.n.01,55109,9,43,n03122748,False
cloth_covering.n.01,6,covering.n.02,2600,2,2,n03050026,False
dressing.n.04,7,cloth_covering.n.01,1300,1,1,n03237639,False
bandage.n.01,8,dressing.n.04,1300,1,1,n02785648,False
adhesive_bandage.n.01,9,bandage.n.01,1300,1,1,n02680110,False
band_aid.n.01,10,adhesive_bandage.n.01,1300,0,1,n02786058,True
banjo.n.01,9,stringed_instrument.n.01,1300,0,1,n02787622,True
obstruction.n.01,6,structure.n.01,13000,1,10,n03839993,False
barrier.n.01,7,obstruction.n.01,13000,6,10,n02796623,False
bannister.n.02,8,barrier.n.01,1300,0,1,n02788148,True
weight.n.02,8,sports_equipment.n.01,2600,2,2,n04571292,False
barbell.n.01,9,weight.n.02,1300,0,1,n02790996,True
furnishing.n.02,6,instrumentality.n.03,26976,1,21,n03405265,False
furniture.n.01,7,furnishing.n.02,26976,12,21,n03405725,False
seat.n.03,8,furniture.n.01,8776,4,7,n04161981,False
chair.n.01,9,seat.n.03,4876,4,4,n03001627,False
barber_chair.n.01,10,chair.n.01,1300,0,1,n02791124,True
barbershop.n.01,10,shop.n.01,1300,0,1,n02791270,True
farm_building.n.01,7,building.n.01,1300,1,1,n03322570,False
barn.n.01,8,farm_building.n.01,1300,0,1,n02793495,True
barometer.n.01,9,measuring_instrument.n.01,1199,0,1,n02794156,True
vessel.n.03,7,container.n.01,24455,12,19,n04531098,False
barrel.n.02,8,vessel.n.03,1300,0,1,n02795169,True
handcart.n.01,8,wheeled_vehicle.n.01,2600,2,2,n03484083,False
barrow.n.03,9,handcart.n.01,1300,0,1,n02797295,True
game_equipment.n.01,7,equipment.n.01,16829,3,13,n03414162,False
ball.n.01,8,game_equipment.n.01,12929,10,10,n02778669,False
baseball.n.02,9,ball.n.01,1300,0,1,n02799071,True
basketball.n.02,9,ball.n.01,1300,0,1,n02802426,True
baby_bed.n.01,8,furniture.n.01,3900,3,3,n02766320,False
bassinet.n.01,9,baby_bed.n.01,1300,0,1,n02804414,True
woodwind.n.01,9,wind_instrument.n.01,5200,2,4,n04598582,False
beating-reed_instrument.n.01,10,woodwind.n.01,3900,2,3,n02817799,False
double-reed_instrument.n.01,11,beating-reed_instrument.n.01,2600,2,2,n03228016,False
bassoon.n.01,12,double-reed_instrument.n.01,1300,0,1,n02804610,True
headdress.n.01,8,clothing.n.01,11609,3,9,n03502509,False
cap.n.01,9,headdress.n.01,3900,3,3,n02954340,False
bathing_cap.n.01,10,cap.n.01,1300,0,1,n02807133,True
drygoods.n.01,6,commodity.n.01,1300,1,1,n03252064,False
white_goods.n.02,7,drygoods.n.01,1300,1,1,n04580298,False
linen.n.03,8,white_goods.n.02,1300,1,1,n03672352,False
bath_linen.n.01,9,linen.n.03,1300,1,1,n02807260,False
bath_towel.n.01,10,bath_linen.n.01,1300,0,1,n02808304,True
bathtub.n.01,8,vessel.n.03,1300,0,1,n02808440,True
beach_wagon.n.01,11,car.n.01,1300,0,1,n02814533,True
tower.n.01,6,structure.n.01,1300,1,1,n04460130,False
beacon.n.03,7,tower.n.01,1300,0,1,n02814860,True
jar.n.01,8,vessel.n.03,2600,2,2,n03593526,False
beaker.n.01,9,jar.n.01,1300,0,1,n02815834,True
hat.n.01,9,headdress.n.01,5109,4,4,n03497657,False
bearskin.n.02,10,hat.n.01,1209,0,1,n02817516,True
bottle.n.01,8,vessel.n.03,8855,6,7,n02876657,False
beer_bottle.n.01,9,bottle.n.01,1300,0,1,n02823428,True
glass.n.02,7,container.n.01,2600,2,2,n03438257,False
beer_glass.n.01,8,glass.n.02,1300,0,1,n02823750,True
protective_covering.n.01,6,covering.n.02,34940,11,27,n04014297,False
shelter.n.02,7,protective_covering.n.01,3900,3,3,n04191943,False
bell_cote.n.01,8,shelter.n.02,1300,0,1,n02825657,True
fabric.n.01,5,artifact.n.01,7562,3,6,n03309808,False
piece_of_cloth.n.01,6,fabric.n.01,5200,4,4,n03932670,False
bib.n.01,7,piece_of_cloth.n.01,1300,0,1,n02834397,True
bicycle.n.01,8,wheeled_vehicle.n.01,2600,2,2,n02834778,False
bicycle-built-for-two.n.01,9,bicycle.n.01,1300,0,1,n02835271,True
swimsuit.n.01,9,garment.n.01,3900,3,3,n04371563,False
bikini.n.02,10,swimsuit.n.01,1300,0,1,n02837789,True
binder.n.03,7,protective_covering.n.01,1300,0,1,n02840245,True
optical_instrument.n.01,8,instrument.n.01,3900,3,3,n03852280,False
binoculars.n.01,9,optical_instrument.n.01,1300,0,1,n02841315,True
birdhouse.n.01,8,shelter.n.02,1300,0,1,n02843684,True
boathouse.n.01,9,shed.n.01,1300,0,1,n02859443,True
sled.n.01,8,vehicle.n.01,2600,2,2,n04235291,False
bobsled.n.02,9,sled.n.01,1300,0,1,n02860847,True
neckwear.n.01,9,garment.n.01,3813,1,3,n03816005,False
necktie.n.01,10,neckwear.n.01,3813,3,3,n03815615,False
bolo_tie.n.01,11,necktie.n.01,1300,0,1,n02865351,True
bonnet.n.01,10,hat.n.01,1300,0,1,n02869837,True
bookcase.n.01,8,furniture.n.01,1300,0,1,n02870880,True
bookshop.n.01,10,shop.n.01,1300,0,1,n02871525,True
top.n.09,6,covering.n.02,3900,2,3,n04453910,False
cap.n.02,7,top.n.09,2600,2,2,n02954938,False
bottlecap.n.01,8,cap.n.02,1300,0,1,n02877765,True
bow.n.04,9,weapon.n.01,1300,0,1,n02879718,True
bow_tie.n.01,11,necktie.n.01,1300,0,1,n02883205,True
memorial.n.03,6,structure.n.01,2600,2,2,n03743902,False
brass.n.07,7,memorial.n.03,1300,0,1,n02892201,True
undergarment.n.01,9,garment.n.01,1300,1,1,n04508163,False
brassiere.n.01,10,undergarment.n.01,1300,0,1,n02892767,True
breakwater.n.01,8,barrier.n.01,1300,0,1,n02894605,True
shield.n.01,7,protective_covering.n.01,2600,1,2,n04192858,False
plate.n.14,8,shield.n.01,2600,1,2,n03959701,False
armor_plate.n.01,9,plate.n.14,2600,2,2,n02740764,False
breastplate.n.01,10,armor_plate.n.01,1300,0,1,n02895154,True
cleaning_implement.n.01,7,implement.n.01,2600,2,2,n03039947,False
broom.n.01,8,cleaning_implement.n.01,1300,0,1,n02906734,True
bucket.n.01,8,vessel.n.03,1300,0,1,n02909870,True
restraint.n.06,7,device.n.01,12708,3,10,n04081844,False
fastener.n.02,8,restraint.n.06,10275,7,8,n03323703,False
buckle.n.01,9,fastener.n.02,1300,0,1,n02910353,True
armor.n.01,7,protective_covering.n.01,5076,2,4,n02739668,False
body_armor.n.01,8,armor.n.01,3776,3,3,n02862048,False
bulletproof_vest.n.01,9,body_armor.n.01,1176,0,1,n02916936,True
public_transport.n.01,7,conveyance.n.03,5200,2,4,n04019101,False
train.n.01,8,public_transport.n.01,1300,1,1,n04468005,False
passenger_train.n.01,9,train.n.01,1300,1,1,n03896233,False
bullet_train.n.01,10,passenger_train.n.01,1300,0,1,n02917067,True
butcher_shop.n.01,10,shop.n.01,1300,0,1,n02927161,True
cab.n.03,11,car.n.01,1300,0,1,n02930766,True
utensil.n.01,7,implement.n.01,8909,1,7,n04516672,False
kitchen_utensil.n.01,8,utensil.n.01,8909,1,7,n03621049,False
cooking_utensil.n.01,9,kitchen_utensil.n.01,8909,4,7,n03101986,False
pot.n.01,10,cooking_utensil.n.01,3900,3,3,n03990474,False
caldron.n.01,11,pot.n.01,1300,0,1,n02939185,True
source_of_illumination.n.01,7,device.n.01,5200,2,4,n04263760,False
lamp.n.01,8,source_of_illumination.n.01,3900,3,3,n03636248,False
candle.n.01,9,lamp.n.01,1300,0,1,n02948072,True
cannon.n.02,10,gun.n.01,1300,0,1,n02950826,True
vessel.n.02,9,craft.n.02,16624,3,13,n04530566,False
boat.n.01,10,vessel.n.02,7706,5,6,n02858304,False
small_boat.n.01,11,boat.n.01,2506,2,2,n04244997,False
canoe.n.01,12,small_boat.n.01,1300,0,1,n02951358,True
tool.n.01,7,implement.n.01,15506,5,13,n04451818,False
hand_tool.n.01,8,tool.n.01,7754,5,6,n03489162,False
opener.n.03,9,hand_tool.n.01,2600,2,2,n03848348,False
can_opener.n.01,10,opener.n.03,1300,0,1,n02951585,True
sweater.n.01,9,garment.n.01,2231,2,2,n04370048,False
cardigan.n.01,10,sweater.n.01,1300,0,1,n02963159,True
reflector.n.01,7,device.n.01,2600,2,2,n04069276,False
mirror.n.01,8,reflector.n.01,1300,1,1,n03773035,False
car_mirror.n.01,9,mirror.n.01,1300,0,1,n02965783,True
mechanism.n.05,7,device.n.01,16670,4,13,n03738472,False
mechanical_device.n.01,8,mechanism.n.05,11517,6,9,n03736970,False
ride.n.02,9,mechanical_device.n.01,1300,1,1,n04088797,False
carousel.n.02,10,ride.n.02,1300,0,1,n02966193,True
gear.n.04,7,equipment.n.01,2600,2,2,n03430959,False
kit.n.02,8,gear.n.04,1300,1,1,n03619396,False
carpenter's_kit.n.01,9,kit.n.02,1300,0,1,n02966687,True
box.n.01,7,container.n.01,7529,6,6,n02883344,False
carton.n.02,8,box.n.01,1300,0,1,n02971356,True
machine.n.04,9,mechanical_device.n.01,5017,1,4,n03700963,False
wheel.n.01,10,machine.n.04,5017,4,4,n04574999,False
car_wheel.n.01,11,wheel.n.01,1300,0,1,n02974003,True
cash_machine.n.01,8,machine.n.01,1300,0,1,n02977058,True
cassette.n.01,7,container.n.01,1186,0,1,n02978881,True
electronic_equipment.n.01,7,equipment.n.01,15449,9,12,n03278248,False
cassette_player.n.01,8,electronic_equipment.n.01,1300,0,1,n02979186,True
defensive_structure.n.01,6,structure.n.01,1300,1,1,n03171356,False
fortification.n.01,7,defensive_structure.n.01,1300,1,1,n03385557,False
castle.n.02,8,fortification.n.01,1300,0,1,n02980441,True
sailing_vessel.n.01,10,vessel.n.02,3900,2,3,n04128837,False
sailboat.n.01,11,sailing_vessel.n.01,2600,2,2,n04128499,False
catamaran.n.01,12,sailboat.n.01,1300,0,1,n02981792,True
cd_player.n.01,8,electronic_equipment.n.01,1300,0,1,n02988304,True
bowed_stringed_instrument.n.01,9,stringed_instrument.n.01,2600,2,2,n02880546,False
cello.n.01,10,bowed_stringed_instrument.n.01,1300,0,1,n02992211,True
telephone.n.01,8,electronic_equipment.n.01,3900,3,3,n04401088,False
radiotelephone.n.02,9,telephone.n.01,1300,1,1,n04044498,False
cellular_telephone.n.01,10,radiotelephone.n.02,1300,0,1,n02992529,True
connection.n.03,6,instrumentality.n.03,1300,1,1,n03091374,False
attachment.n.04,7,connection.n.03,1300,1,1,n02755352,False
ligament.n.02,8,attachment.n.04,1300,1,1,n03664943,False
chain.n.03,9,ligament.n.02,1300,0,1,n02999410,True
fence.n.01,8,barrier.n.01,5200,4,4,n03327234,False
chainlink_fence.n.01,9,fence.n.01,1300,0,1,n03000134,True
chain_mail.n.01,9,body_armor.n.01,1300,0,1,n03000247,True
power_tool.n.01,8,machine.n.01,1194,1,1,n03997484,False
power_saw.n.01,9,power_tool.n.01,1194,1,1,n03996145,False
chain_saw.n.01,10,power_saw.n.01,1194,0,1,n03000684,True
chest.n.02,8,box.n.01,1300,0,1,n03014705,True
chest_of_drawers.n.01,8,furniture.n.01,1300,1,1,n03015254,False
chiffonier.n.01,9,chest_of_drawers.n.01,1300,0,1,n03016953,True
percussion_instrument.n.01,8,musical_instrument.n.01,7782,6,6,n03915437,False
chime.n.01,9,percussion_instrument.n.01,1300,0,1,n03017168,True
cabinet.n.01,8,furniture.n.01,2600,2,2,n02933112,False
china_cabinet.n.01,9,cabinet.n.01,1300,0,1,n03018349,True
footwear.n.01,8,clothing.n.01,3900,1,3,n03381126,False
hosiery.n.01,9,footwear.n.01,3900,3,3,n03540267,False
stocking.n.01,10,hosiery.n.01,1300,1,1,n04323819,False
christmas_stocking.n.01,11,stocking.n.01,1300,0,1,n03026506,True
place_of_worship.n.01,7,building.n.01,3900,3,3,n03953416,False
church.n.02,8,place_of_worship.n.01,1300,0,1,n03028079,True
theater.n.01,7,building.n.01,2600,2,2,n04417809,False
cinema.n.02,8,theater.n.01,1300,0,1,n03032252,True
cutting_implement.n.01,8,tool.n.01,4244,1,4,n03154446,False
cutter.n.06,9,cutting_implement.n.01,4244,1,4,n03154073,False
edge_tool.n.01,10,cutter.n.06,4244,3,4,n03265032,False
knife.n.01,11,edge_tool.n.01,2053,2,2,n03623556,False
cleaver.n.01,12,knife.n.01,1067,0,1,n03041632,True
housing.n.01,6,structure.n.01,3900,2,3,n03546340,False
dwelling.n.01,7,housing.n.01,2600,2,2,n03259505,False
cliff_dwelling.n.01,8,dwelling.n.01,1300,0,1,n03042490,True
cloak.n.01,6,covering.n.02,1029,0,1,n03045698,True
footwear.n.02,6,covering.n.02,6337,3,5,n03380867,False
clog.n.01,7,footwear.n.02,1300,0,1,n03047690,True
shaker.n.03,7,container.n.01,2454,2,2,n04183329,False
cocktail_shaker.n.01,8,shaker.n.03,1154,0,1,n03062245,True
drinking_vessel.n.01,8,vessel.n.03,1300,1,1,n03241496,False
mug.n.04,9,drinking_vessel.n.01,1300,1,1,n03797390,False
coffee_mug.n.01,10,mug.n.04,1300,0,1,n03063599,True
coffeepot.n.01,11,pot.n.01,1300,0,1,n03063689,True
coil.n.01,6,structure.n.01,1300,0,1,n03065424,True
lock.n.01,9,fastener.n.02,2516,2,2,n03682487,False
combination_lock.n.01,10,lock.n.01,1216,0,1,n03075370,True
peripheral.n.01,8,electronic_equipment.n.01,2600,2,2,n03916720,False
data_input_device.n.01,9,peripheral.n.01,1300,1,1,n03163973,False
computer_keyboard.n.01,10,data_input_device.n.01,1300,0,1,n03085013,True
confectionery.n.02,10,shop.n.01,1300,0,1,n03089624,True
ship.n.01,10,vessel.n.02,5018,4,4,n04194289,False
cargo_ship.n.01,11,ship.n.01,1300,1,1,n02965300,False
container_ship.n.01,12,cargo_ship.n.01,1300,0,1,n03095699,True
convertible.n.01,11,car.n.01,1300,0,1,n03100240,True
bottle_opener.n.01,10,opener.n.03,1300,1,1,n02877962,False
corkscrew.n.01,11,bottle_opener.n.01,1300,0,1,n03109150,True
brass.n.02,9,wind_instrument.n.01,3900,3,3,n02891788,False
cornet.n.01,10,brass.n.02,1300,0,1,n03110669,True
boot.n.01,7,footwear.n.02,1300,1,1,n02872752,False
cowboy_boot.n.01,8,boot.n.01,1300,0,1,n03124043,True
cowboy_hat.n.01,10,hat.n.01,1300,0,1,n03124170,True
cradle.n.01,9,baby_bed.n.01,1300,0,1,n03125729,True
lifting_device.n.01,7,device.n.01,1300,1,1,n03664675,False
crane.n.04,8,lifting_device.n.01,1300,0,1,n03126707,True
helmet.n.02,9,headdress.n.01,2600,2,2,n03513137,False
crash_helmet.n.01,10,helmet.n.02,1300,0,1,n03127747,True
crate.n.01,8,box.n.01,1300,0,1,n03127925,True
crib.n.01,9,baby_bed.n.01,1300,0,1,n03131574,True
cooker.n.01,10,cooking_utensil.n.01,1187,1,1,n03101156,False
crock_pot.n.01,11,cooker.n.01,1187,0,1,n03133878,True
croquet_ball.n.01,9,ball.n.01,1300,0,1,n03134739,True
stick.n.01,7,implement.n.01,6500,4,5,n04317420,False
staff.n.02,8,stick.n.01,2600,2,2,n04296261,False
crutch.n.01,9,staff.n.02,1300,0,1,n03141823,True
cuirass.n.01,9,body_armor.n.01,1300,0,1,n03146219,True
dam.n.01,8,barrier.n.01,1300,0,1,n03160309,True
table.n.02,8,furniture.n.01,1300,1,1,n04379243,False
desk.n.01,9,table.n.02,1300,0,1,n03179701,True
computer.n.01,8,machine.n.01,7396,3,6,n03082979,False
digital_computer.n.01,9,computer.n.01,4934,1,4,n03196324,False
personal_computer.n.01,10,digital_computer.n.01,4934,2,4,n03918480,False
desktop_computer.n.01,11,personal_computer.n.01,1300,0,1,n03180011,True
dial_telephone.n.01,9,telephone.n.01,1300,0,1,n03187595,True
diaper.n.01,9,garment.n.01,1300,0,1,n03188531,True
digital_clock.n.01,11,clock.n.01,1300,0,1,n03196217,True
watch.n.01,10,timepiece.n.01,889,1,1,n04555897,False
digital_watch.n.01,11,watch.n.01,889,0,1,n03197337,True
table.n.03,8,furniture.n.01,1300,1,1,n04379964,False
dining_table.n.01,9,table.n.03,1300,0,1,n03201208,True
dishrag.n.01,7,piece_of_cloth.n.01,1300,0,1,n03207743,True
durables.n.01,7,consumer_goods.n.01,15273,1,12,n03257877,False
appliance.n.02,8,durables.n.01,15273,1,12,n02729837,False
home_appliance.n.01,9,appliance.n.02,15273,5,12,n03528263,False
white_goods.n.01,10,home_appliance.n.01,3900,3,3,n04580493,False
dishwasher.n.01,11,white_goods.n.01,1300,0,1,n03207941,True
brake.n.01,8,restraint.n.06,1300,1,1,n02889425,False
brake_system.n.01,9,brake.n.01,1300,1,1,n02891188,False
hydraulic_brake.n.01,10,brake_system.n.01,1300,1,1,n03551084,False
disk_brake.n.01,11,hydraulic_brake.n.01,1300,0,1,n03208938,True
landing.n.02,6,structure.n.01,1211,1,1,n03638321,False
dock.n.05,7,landing.n.02,1211,0,1,n03216828,True
dogsled.n.01,9,sled.n.01,1300,0,1,n03218198,True
roof.n.01,7,protective_covering.n.01,5200,4,4,n04105068,False
dome.n.04,8,roof.n.01,1300,0,1,n03220513,True
floor_cover.n.01,6,covering.n.02,2600,2,2,n03366823,False
mat.n.01,7,floor_cover.n.01,1300,1,1,n03727837,False
doormat.n.02,8,mat.n.01,1300,0,1,n03223299,True
rig.n.01,8,gear.n.04,1300,1,1,n04091097,False
drill_rig.n.01,9,rig.n.01,1300,1,1,n03241093,False
drilling_platform.n.01,10,drill_rig.n.01,1300,0,1,n03240683,True
drum.n.01,9,percussion_instrument.n.01,1300,0,1,n03249569,True
drumstick.n.02,8,stick.n.01,1300,0,1,n03250847,True
dumbbell.n.01,9,weight.n.02,1300,0,1,n03255030,True
kitchen_appliance.n.01,10,home_appliance.n.01,7473,5,6,n03620052,False
oven.n.01,11,kitchen_appliance.n.01,2600,2,2,n03862676,False
dutch_oven.n.01,12,oven.n.01,1300,0,1,n03259280,True
fan.n.01,7,device.n.01,1300,1,1,n03320046,False
electric_fan.n.01,8,fan.n.01,1300,0,1,n03271574,True
electric_guitar.n.01,10,guitar.n.01,1300,0,1,n03272010,True
locomotive.n.01,9,self-propelled_vehicle.n.01,2600,2,2,n03684823,False
electric_locomotive.n.01,10,locomotive.n.01,1300,0,1,n03272562,True
wall_unit.n.01,8,furniture.n.01,1300,1,1,n04549122,False
entertainment_center.n.01,9,wall_unit.n.01,1300,0,1,n03290653,True
envelope.n.01,7,container.n.01,1300,0,1,n03291819,True
coffee_maker.n.01,11,kitchen_appliance.n.01,1136,1,1,n03063338,False
espresso_maker.n.01,12,coffee_maker.n.01,1136,0,1,n03297495,True
toiletry.n.01,6,instrumentality.n.03,7222,5,6,n04447443,False
cosmetic.n.01,7,toiletry.n.01,2453,1,2,n03113152,False
makeup.n.01,8,cosmetic.n.01,2453,2,2,n03714235,False
face_powder.n.01,9,makeup.n.01,1153,0,1,n03314780,True
scarf.n.01,9,garment.n.01,2600,2,2,n04143897,False
feather_boa.n.01,10,scarf.n.01,1300,0,1,n03325584,True
office_furniture.n.01,8,furniture.n.01,1300,1,1,n03842156,False
file.n.03,9,office_furniture.n.01,1300,0,1,n03337140,True
fireboat.n.01,11,boat.n.01,1300,0,1,n03344393,True
truck.n.01,10,motor_vehicle.n.01,8959,6,7,n04490091,False
fire_engine.n.01,11,truck.n.01,1300,0,1,n03345487,True
screen.n.05,7,protective_covering.n.01,3900,3,3,n04151581,False
fire_screen.n.01,8,screen.n.05,1300,0,1,n03347037,True
flagpole.n.02,9,staff.n.02,1300,0,1,n03355925,True
flute.n.01,10,woodwind.n.01,1300,0,1,n03372029,True
folding_chair.n.01,10,chair.n.01,1300,0,1,n03376595,True
football_helmet.n.01,10,helmet.n.02,1300,0,1,n03379051,True
forklift.n.01,9,self-propelled_vehicle.n.01,1300,0,1,n03384352,True
fountain.n.01,6,structure.n.01,1300,0,1,n03388043,True
fountain_pen.n.01,9,pen.n.01,1300,0,1,n03388183,True
bedroom_furniture.n.01,8,furniture.n.01,1300,1,1,n02821943,False
bed.n.01,9,bedroom_furniture.n.01,1300,1,1,n02818832,False
four-poster.n.01,10,bed.n.01,1300,0,1,n03388549,True
car.n.02,8,wheeled_vehicle.n.01,2600,2,2,n02959942,False
freight_car.n.01,9,car.n.02,1300,0,1,n03393912,True
french_horn.n.01,10,brass.n.02,1300,0,1,n03394916,True
pan.n.01,10,cooking_utensil.n.01,2522,2,2,n03880531,False
frying_pan.n.01,11,pan.n.01,1222,0,1,n03400231,True
overgarment.n.01,9,garment.n.01,4953,2,4,n03863923,False
coat.n.01,10,overgarment.n.01,3653,3,3,n03057021,False
fur_coat.n.01,11,coat.n.01,1300,0,1,n03404251,True
garbage_truck.n.01,11,truck.n.01,1300,0,1,n03417042,True
mask.n.04,7,protective_covering.n.01,2600,2,2,n03725035,False
gasmask.n.01,8,mask.n.04,1300,0,1,n03424325,True
pump.n.01,9,mechanical_device.n.01,1300,1,1,n04021798,False
gas_pump.n.01,10,pump.n.01,1300,0,1,n03425413,True
goblet.n.01,8,glass.n.02,1300,0,1,n03443371,True
go-kart.n.01,10,motor_vehicle.n.01,1300,0,1,n03444034,True
golf_ball.n.01,9,ball.n.01,1300,0,1,n03445777,True
golf_equipment.n.01,8,sports_equipment.n.01,1300,1,1,n03446832,False
golfcart.n.01,9,golf_equipment.n.01,1300,0,1,n03445924,True
gondola.n.02,11,boat.n.01,1300,0,1,n03447447,True
gong.n.01,9,percussion_instrument.n.01,1282,0,1,n03447721,True
woman's_clothing.n.01,8,clothing.n.01,1300,1,1,n04596852,False
dress.n.01,9,woman's_clothing.n.01,1300,1,1,n03236735,False
gown.n.01,10,dress.n.01,1300,0,1,n03450230,True
keyboard_instrument.n.01,8,musical_instrument.n.01,3900,2,3,n03614532,False
piano.n.01,9,keyboard_instrument.n.01,2600,2,2,n03928116,False
grand_piano.n.01,10,piano.n.01,1300,0,1,n03452741,True
greenhouse.n.01,7,building.n.01,1300,0,1,n03457902,True
grate.n.03,8,barrier.n.01,1300,1,1,n03454707,False
grille.n.02,9,grate.n.03,1300,0,1,n03459775,True
marketplace.n.02,9,mercantile_establishment.n.01,1300,1,1,n03722288,False
grocery_store.n.01,10,marketplace.n.02,1300,0,1,n03461385,True
instrument_of_execution.n.01,8,instrument.n.01,1283,1,1,n03575691,False
guillotine.n.02,9,instrument_of_execution.n.01,1283,0,1,n03467068,True
clip.n.03,9,fastener.n.02,1300,1,1,n03043958,False
hair_slide.n.01,10,clip.n.03,1300,0,1,n03476684,True
hair_spray.n.01,7,toiletry.n.01,980,0,1,n03476991,True
half_track.n.01,9,military_vehicle.n.01,1300,0,1,n03478589,True
hammer.n.02,9,hand_tool.n.01,1300,0,1,n03481172,True
basket.n.01,7,container.n.01,2600,2,2,n02801938,False
hamper.n.02,8,basket.n.01,1300,0,1,n03482405,True
blower.n.01,7,device.n.01,1300,1,1,n02855089,False
hand_blower.n.01,8,blower.n.01,1300,0,1,n03483316,True
portable_computer.n.01,11,personal_computer.n.01,3634,3,3,n03985232,False
hand-held_computer.n.01,12,portable_computer.n.01,1034,0,1,n03485407,True
handkerchief.n.01,7,piece_of_cloth.n.01,1300,0,1,n03485794,True
memory_device.n.01,7,device.n.01,1300,1,1,n03744840,False
magnetic_disk.n.01,8,memory_device.n.01,1300,1,1,n03706653,False
hard_disc.n.01,9,magnetic_disk.n.01,1300,0,1,n03492542,True
harmonica.n.01,10,free-reed_instrument.n.01,1300,0,1,n03494278,True
chordophone.n.01,9,stringed_instrument.n.01,1300,1,1,n03025886,False
harp.n.01,10,chordophone.n.01,1300,0,1,n03495258,True
farm_machine.n.01,8,machine.n.01,2600,2,2,n03322940,False
harvester.n.02,9,farm_machine.n.01,1300,0,1,n03496892,True
ax.n.01,11,edge_tool.n.01,891,1,1,n02764044,False
hatchet.n.02,12,ax.n.01,891,0,1,n03498962,True
sheath.n.01,7,protective_covering.n.01,2600,2,2,n04187061,False
holster.n.01,8,sheath.n.01,1300,0,1,n03527444,True
home_theater.n.01,8,theater.n.01,1300,0,1,n03529860,True
supporting_structure.n.01,6,structure.n.01,3509,2,3,n04361095,False
framework.n.03,7,supporting_structure.n.01,2353,2,2,n03391770,False
honeycomb.n.02,8,framework.n.03,1300,0,1,n03530642,True
hook.n.04,9,mechanical_device.n.01,1300,0,1,n03532672,True
skirt.n.02,9,garment.n.01,4905,4,4,n04230808,False
hoopskirt.n.01,10,skirt.n.02,1300,0,1,n03534580,True
horizontal_bar.n.01,9,gymnastic_apparatus.n.01,1300,0,1,n03535780,True
wagon.n.01,8,wheeled_vehicle.n.01,3900,1,3,n04543158,False
cart.n.01,9,wagon.n.01,3900,3,3,n02970849,False
horse_cart.n.01,10,cart.n.01,1300,0,1,n03538406,True
sandglass.n.01,10,timepiece.n.01,1300,1,1,n04134632,False
hourglass.n.01,11,sandglass.n.01,1300,0,1,n03544143,True
audio_system.n.01,8,electronic_equipment.n.01,1300,1,1,n02757462,False
reproducer.n.01,9,audio_system.n.01,1300,1,1,n04077430,False
stereo.n.01,10,reproducer.n.01,1300,1,1,n04315948,False
ipod.n.01,11,stereo.n.01,1300,0,1,n03584254,True
iron.n.04,10,home_appliance.n.01,1300,0,1,n03584829,True
lantern.n.01,9,lamp.n.01,1300,1,1,n03640988,False
jack-o'-lantern.n.02,10,lantern.n.01,1300,0,1,n03590841,True
trouser.n.01,9,garment.n.01,1300,1,1,n04489008,False
jean.n.01,10,trouser.n.01,1300,0,1,n03594734,True
jeep.n.01,11,car.n.01,1300,0,1,n03594945,True
shirt.n.01,9,garment.n.01,1285,1,1,n04197391,False
jersey.n.03,10,shirt.n.01,1285,0,1,n03595614,True
game.n.09,8,game_equipment.n.01,2600,1,2,n03413828,False
puzzle.n.02,9,game.n.09,2600,2,2,n04028315,False
jigsaw_puzzle.n.01,10,puzzle.n.02,1300,0,1,n03598930,True
jinrikisha.n.01,10,cart.n.01,1300,0,1,n03599486,True
control.n.09,8,mechanism.n.05,2600,2,2,n03096960,False
joystick.n.02,9,control.n.09,1300,0,1,n03602883,True
kimono.n.01,10,robe.n.01,1300,0,1,n03617480,True
knee_pad.n.01,9,protective_garment.n.01,1300,0,1,n03623198,True
knot.n.02,9,fastener.n.02,1300,0,1,n03627232,True
lab_coat.n.01,11,coat.n.01,1300,0,1,n03630383,True
ladle.n.01,8,vessel.n.03,1300,0,1,n03633091,True
shade.n.03,7,protective_covering.n.01,1300,1,1,n04181718,False
lampshade.n.01,8,shade.n.03,1300,0,1,n03637318,True
laptop.n.01,12,portable_computer.n.01,1300,0,1,n03642806,True
garden_tool.n.01,8,tool.n.01,1300,1,1,n03418242,False
lawn_mower.n.01,9,garden_tool.n.01,1300,0,1,n03649909,True
cap.n.04,7,protective_covering.n.01,2600,2,2,n02955065,False
lens_cap.n.01,8,cap.n.04,1300,0,1,n03657121,True
letter_opener.n.01,12,knife.n.01,986,0,1,n03658185,True
library.n.05,7,building.n.01,1300,0,1,n03661043,True
sea_boat.n.01,11,boat.n.01,1300,1,1,n04158807,False
lifeboat.n.01,12,sea_boat.n.01,1300,0,1,n03662601,True
lighter.n.02,7,device.n.01,1300,0,1,n03666591,True
limousine.n.01,11,car.n.01,1300,0,1,n03670208,True
passenger_ship.n.01,11,ship.n.01,1300,1,1,n03896103,False
liner.n.04,12,passenger_ship.n.01,1300,0,1,n03673027,True
lipstick.n.01,9,makeup.n.01,1300,0,1,n03676483,True
shoe.n.01,7,footwear.n.02,3737,3,3,n04199027,False
loafer.n.02,8,shoe.n.01,1137,0,1,n03680355,True
lotion.n.01,7,toiletry.n.01,1272,0,1,n03690938,True
electrical_device.n.01,7,device.n.01,2600,1,2,n03269401,False
transducer.n.01,8,electrical_device.n.01,2600,1,2,n04470953,False
electro-acoustic_transducer.n.01,9,transducer.n.01,2600,2,2,n03274561,False
loudspeaker.n.01,10,electro-acoustic_transducer.n.01,1300,0,1,n03691459,True
scientific_instrument.n.01,8,instrument.n.01,2600,1,2,n04147495,False
magnifier.n.01,9,scientific_instrument.n.01,2600,2,2,n03709206,False
microscope.n.01,10,magnifier.n.01,1300,1,1,n03760671,False
light_microscope.n.01,11,microscope.n.01,1300,1,1,n03667829,False
hand_glass.n.02,12,light_microscope.n.01,1300,1,1,n03484931,False
loupe.n.01,13,hand_glass.n.02,1300,0,1,n03692522,True
building_complex.n.01,6,structure.n.01,1300,1,1,n02914991,False
plant.n.01,7,building_complex.n.01,1300,1,1,n03956922,False
factory.n.01,8,plant.n.01,1300,1,1,n03316406,False
lumbermill.n.01,9,factory.n.01,1300,0,1,n03697007,True
navigational_instrument.n.01,8,instrument.n.01,1155,1,1,n03813176,False
compass.n.01,9,navigational_instrument.n.01,1155,1,1,n03080497,False
magnetic_compass.n.01,10,compass.n.01,1155,0,1,n03706229,True
mailbag.n.02,8,bag.n.01,1300,0,1,n03709823,True
mailbox.n.01,8,box.n.01,1300,0,1,n03710193,True
tights.n.01,10,hosiery.n.01,1300,1,1,n04434932,False
maillot.n.02,11,tights.n.01,1300,0,1,n03710637,True
maillot.n.01,10,swimsuit.n.01,1300,0,1,n03710721,True
manhole_cover.n.01,7,top.n.09,1300,0,1,n03717622,True
maraca.n.01,9,percussion_instrument.n.01,1300,0,1,n03720891,True
marimba.n.01,9,percussion_instrument.n.01,1300,0,1,n03721384,True
mask.n.01,6,covering.n.02,1300,0,1,n03724870,True
matchstick.n.01,8,stick.n.01,1300,0,1,n03729826,True
support.n.10,7,device.n.01,3760,3,3,n04359589,False
structural_member.n.01,8,support.n.10,1300,1,1,n04341414,False
upright.n.01,9,structural_member.n.01,1300,1,1,n04515129,False
post.n.04,10,upright.n.01,1300,1,1,n03988170,False
maypole.n.01,11,post.n.04,1300,0,1,n03733131,True
system.n.01,6,instrumentality.n.03,3900,2,3,n04377057,False
maze.n.01,7,system.n.01,1300,0,1,n03733281,True
measure.n.09,7,container.n.01,1300,1,1,n03733644,False
measuring_cup.n.01,8,measure.n.09,1300,0,1,n03733805,True
medicine_chest.n.01,9,cabinet.n.01,1300,0,1,n03742115,True
megalith.n.01,7,memorial.n.03,1300,0,1,n03743016,True
microphone.n.01,10,electro-acoustic_transducer.n.01,1300,0,1,n03759954,True
microwave.n.02,11,kitchen_appliance.n.01,1300,0,1,n03761084,True
uniform.n.01,8,clothing.n.01,1300,1,1,n04509592,False
military_uniform.n.01,9,uniform.n.01,1300,0,1,n03763968,True
can.n.01,7,container.n.01,1097,1,1,n02946921,False
milk_can.n.01,8,can.n.01,1097,0,1,n03764736,True
bus.n.01,8,public_transport.n.01,3900,3,3,n02924116,False
minibus.n.01,9,bus.n.01,1300,0,1,n03769881,True
miniskirt.n.01,10,skirt.n.02,1300,0,1,n03770439,True
minivan.n.01,11,car.n.01,1300,0,1,n03770679,True
rocket.n.01,8,vehicle.n.01,1300,1,1,n04099429,False
missile.n.01,9,rocket.n.01,1300,0,1,n03773504,True
handwear.n.01,8,clothing.n.01,1300,1,1,n03490324,False
glove.n.02,9,handwear.n.01,1300,1,1,n03441112,False
mitten.n.01,10,glove.n.02,1300,0,1,n03775071,True
dish.n.01,7,container.n.01,3562,2,3,n03206908,False
bowl.n.03,8,dish.n.01,2600,2,2,n02880940,False
mixing_bowl.n.01,9,bowl.n.03,1300,0,1,n03775546,True
mobile_home.n.01,7,housing.n.01,1300,0,1,n03776460,True
model_t.n.01,11,car.n.01,1300,0,1,n03777568,True
modem.n.01,8,electronic_equipment.n.01,1149,0,1,n03777754,True
house.n.01,7,building.n.01,2455,1,2,n03544360,False
residence.n.02,8,house.n.01,2455,2,2,n04079244,False
religious_residence.n.01,9,residence.n.02,1155,1,1,n04073948,False
monastery.n.01,10,religious_residence.n.01,1155,0,1,n03781244,True
monitor.n.05,8,electronic_equipment.n.01,1300,0,1,n03782006,True
motorcycle.n.01,10,motor_vehicle.n.01,1300,1,1,n03790512,False
minibike.n.01,11,motorcycle.n.01,1300,1,1,n03769722,False
moped.n.01,12,minibike.n.01,1300,0,1,n03785016,True
mortar.n.03,8,vessel.n.03,1300,0,1,n03786901,True
mortarboard.n.02,10,cap.n.01,1300,0,1,n03787032,True
mosque.n.01,8,place_of_worship.n.01,1300,0,1,n03788195,True
mosquito_net.n.01,8,screen.n.05,1300,0,1,n03788365,True
motor_scooter.n.01,8,wheeled_vehicle.n.01,1300,0,1,n03791053,True
mountain_bike.n.01,9,bicycle.n.01,1300,0,1,n03792782,True
shelter.n.01,6,structure.n.01,1300,1,1,n04191595,False
tent.n.01,7,shelter.n.01,1300,1,1,n04411264,False
mountain_tent.n.01,8,tent.n.01,1300,0,1,n03792972,True
electronic_device.n.01,7,device.n.01,2567,2,2,n03277771,False
mouse.n.04,8,electronic_device.n.01,1300,0,1,n03793489,True
trap.n.01,7,device.n.01,2600,2,2,n04474466,False
mousetrap.n.01,8,trap.n.01,1300,0,1,n03794056,True
van.n.05,11,truck.n.01,2459,2,2,n04520170,False
moving_van.n.01,12,van.n.05,1159,0,1,n03796401,True
muzzle.n.03,8,restraint.n.06,1133,0,1,n03803284,True
nail.n.02,9,fastener.n.02,1300,0,1,n03804744,True
strengthener.n.01,7,device.n.01,1180,1,1,n04336034,False
brace.n.01,8,strengthener.n.01,1180,1,1,n02887209,False
neck_brace.n.01,9,brace.n.01,1180,0,1,n03814639,True
decoration.n.01,5,artifact.n.01,1300,1,1,n03169390,False
adornment.n.01,6,decoration.n.01,1300,1,1,n02681518,False
jewelry.n.01,7,adornment.n.01,1300,1,1,n03597469,False
necklace.n.01,8,jewelry.n.01,1300,0,1,n03814906,True
nipple.n.02,8,cap.n.02,1300,0,1,n03825788,True
notebook.n.02,12,portable_computer.n.01,1300,0,1,n03832673,True
column.n.06,6,structure.n.01,2600,2,2,n03074380,False
obelisk.n.01,7,column.n.06,1300,0,1,n03837869,True
oboe.n.01,12,double-reed_instrument.n.01,1300,0,1,n03838899,True
ocarina.n.01,9,wind_instrument.n.01,1300,0,1,n03840681,True
meter.n.02,9,measuring_instrument.n.01,1300,1,1,n03753077,False
odometer.n.01,10,meter.n.02,1300,0,1,n03841143,True
filter.n.01,7,device.n.01,2420,2,2,n03339643,False
oil_filter.n.01,8,filter.n.01,1120,0,1,n03843555,True
organ.n.05,9,keyboard_instrument.n.01,1300,0,1,n03854065,True
oscilloscope.n.01,8,electronic_equipment.n.01,1300,0,1,n03857828,True
overskirt.n.01,10,skirt.n.02,1005,0,1,n03866082,True
oxcart.n.01,10,cart.n.01,1300,0,1,n03868242,True
breathing_device.n.01,7,device.n.01,2600,2,2,n02895606,False
oxygen_mask.n.01,8,breathing_device.n.01,1300,0,1,n03868863,True
package.n.02,7,container.n.01,1300,1,1,n03871083,False
packet.n.03,8,package.n.02,1300,0,1,n03871628,True
oar.n.01,7,implement.n.01,1300,1,1,n03837422,False
paddle.n.04,8,oar.n.01,1300,0,1,n03873416,True
paddlewheel.n.01,11,wheel.n.01,1300,0,1,n03874293,True
padlock.n.01,10,lock.n.01,1300,0,1,n03874599,True
applicator.n.01,7,device.n.01,1300,1,1,n02730265,False
paintbrush.n.01,8,applicator.n.01,1300,0,1,n03876231,True
nightwear.n.01,8,clothing.n.01,1300,1,1,n03825080,False
pajama.n.02,9,nightwear.n.01,1300,0,1,n03877472,True
palace.n.04,9,residence.n.02,1300,0,1,n03877845,True
pipe.n.04,9,wind_instrument.n.01,1300,1,1,n03945615,False
panpipe.n.01,10,pipe.n.04,1300,0,1,n03884397,True
towel.n.01,7,piece_of_cloth.n.01,1300,1,1,n04459362,False
paper_towel.n.01,8,towel.n.01,1300,0,1,n03887697,True
rescue_equipment.n.01,7,equipment.n.01,1300,1,1,n04077734,False
parachute.n.01,8,rescue_equipment.n.01,1300,0,1,n03888257,True
parallel_bars.n.01,9,gymnastic_apparatus.n.01,1300,0,1,n03888605,True
bench.n.01,9,seat.n.03,1300,1,1,n02828884,False
park_bench.n.01,10,bench.n.01,1300,0,1,n03891251,True
timer.n.01,10,timepiece.n.01,2384,2,2,n04438304,False
parking_meter.n.01,11,timer.n.01,1300,0,1,n03891332,True
passenger_car.n.01,9,car.n.02,1300,0,1,n03895866,True
area.n.05,6,structure.n.01,1152,1,1,n02735688,False
patio.n.01,7,area.n.05,1152,0,1,n03899768,True
pay-phone.n.01,9,telephone.n.01,1300,0,1,n03902125,True
support.n.07,7,supporting_structure.n.01,1156,1,1,n04360501,False
pedestal.n.03,8,support.n.07,1156,0,1,n03903868,True
pencil_box.n.01,8,box.n.01,1300,0,1,n03908618,True
sharpener.n.01,7,implement.n.01,1300,1,1,n04185071,False
pencil_sharpener.n.01,8,sharpener.n.01,1300,0,1,n03908714,True
perfume.n.02,7,toiletry.n.01,1300,0,1,n03916031,True
petri_dish.n.01,8,dish.n.01,962,0,1,n03920288,True
apparatus.n.01,7,equipment.n.01,1300,1,1,n02727825,False
duplicator.n.01,8,apparatus.n.01,1300,1,1,n03257586,False
photocopier.n.01,9,duplicator.n.01,1300,0,1,n03924679,True
pick.n.05,7,device.n.01,1157,0,1,n03929660,True
helmet.n.01,10,armor_plate.n.01,1300,1,1,n03513376,False
pickelhaube.n.01,11,helmet.n.01,1300,0,1,n03929855,True
picket_fence.n.01,9,fence.n.01,1300,0,1,n03930313,True
pickup.n.01,11,truck.n.01,1300,0,1,n03930630,True
pier.n.03,8,support.n.10,1300,0,1,n03933933,True
savings_bank.n.02,7,container.n.01,1300,1,1,n04139859,False
piggy_bank.n.01,8,savings_bank.n.02,1300,0,1,n03935335,True
pill_bottle.n.01,9,bottle.n.01,1300,0,1,n03937543,True
padding.n.01,5,artifact.n.01,1300,1,1,n03873064,False
cushion.n.03,6,padding.n.01,1300,1,1,n03151500,False
pillow.n.01,7,cushion.n.03,1300,0,1,n03938244,True
ping-pong_ball.n.01,9,ball.n.01,1282,0,1,n03942813,True
pinwheel.n.02,11,wheel.n.01,1117,0,1,n03944341,True
pirate.n.03,11,ship.n.01,1118,0,1,n03947888,True
pitcher.n.02,8,vessel.n.03,1300,0,1,n03950228,True
plane.n.05,11,edge_tool.n.01,1300,0,1,n03954731,True
planetarium.n.01,7,building.n.01,1270,0,1,n03956157,True
plastic_bag.n.01,8,bag.n.01,1069,0,1,n03958227,True
rack.n.01,8,framework.n.03,1053,1,1,n04038727,False
plate_rack.n.01,9,rack.n.01,1053,0,1,n03961711,True
plow.n.01,8,tool.n.01,1300,0,1,n03967562,True
plunger.n.03,9,hand_tool.n.01,1254,0,1,n03970156,True
photographic_equipment.n.01,7,equipment.n.01,2600,1,2,n03926148,False
camera.n.01,8,photographic_equipment.n.01,2600,2,2,n02942699,False
polaroid_camera.n.01,9,camera.n.01,1300,0,1,n03976467,True
rod.n.01,7,implement.n.01,1300,1,1,n04100174,False
pole.n.01,8,rod.n.01,1300,0,1,n03976657,True
police_van.n.01,12,van.n.05,1300,0,1,n03977966,True
cloak.n.02,10,overgarment.n.01,1300,1,1,n03045337,False
poncho.n.01,11,cloak.n.02,1300,0,1,n03980874,True
pool_table.n.01,8,game_equipment.n.01,1300,0,1,n03982430,True
pop_bottle.n.01,9,bottle.n.01,1300,0,1,n03983396,True
pot.n.04,7,container.n.01,1300,0,1,n03991062,True
potter's_wheel.n.01,11,wheel.n.01,1300,0,1,n03992509,True
drill.n.01,8,tool.n.01,908,1,1,n03239726,False
power_drill.n.01,9,drill.n.01,908,0,1,n03995372,True
rug.n.01,7,floor_cover.n.01,1300,1,1,n04118021,False
prayer_rug.n.01,8,rug.n.01,1300,0,1,n03998194,True
printer.n.02,9,peripheral.n.01,1300,0,1,n04004767,True
institution.n.02,7,establishment.n.04,1300,1,1,n03574555,False
penal_institution.n.01,8,institution.n.02,1300,1,1,n03907654,False
correctional_institution.n.01,9,penal_institution.n.01,1300,1,1,n03111690,False
prison.n.01,10,correctional_institution.n.01,1300,0,1,n04005630,True
projectile.n.01,9,weapon.n.01,1300,0,1,n04008634,True
projector.n.02,9,optical_instrument.n.01,1300,0,1,n04009552,True
rotating_mechanism.n.01,8,mechanism.n.05,1300,1,1,n04110955,False
circle.n.08,9,rotating_mechanism.n.01,1300,1,1,n03032811,False
disk.n.02,10,circle.n.08,1300,1,1,n03208556,False
puck.n.02,11,disk.n.02,1300,0,1,n04019541,True
punching_bag.n.02,9,ball.n.01,1247,0,1,n04023962,True
purse.n.03,8,bag.n.01,1300,0,1,n04026417,True
quill.n.01,9,pen.n.01,1300,0,1,n04033901,True
bedclothes.n.01,7,cloth_covering.n.01,1300,1,1,n02820210,False
quilt.n.01,8,bedclothes.n.01,1300,0,1,n04033995,True
racer.n.02,11,car.n.01,1300,0,1,n04037443,True
sports_implement.n.01,7,implement.n.01,1300,1,1,n04285622,False
racket.n.04,8,sports_implement.n.01,1300,0,1,n04039381,True
radiator.n.03,8,mechanism.n.05,1253,0,1,n04040759,True
communication_system.n.01,7,system.n.01,2600,2,2,n03078287,False
radio.n.03,8,communication_system.n.01,1300,0,1,n04041544,True
telescope.n.01,10,magnifier.n.01,1300,1,1,n04403638,False
astronomical_telescope.n.01,11,telescope.n.01,1300,1,1,n02751295,False
radio_telescope.n.01,12,astronomical_telescope.n.01,1300,0,1,n04044716,True
excavation.n.03,5,artifact.n.01,1300,1,1,n03302121,False
pool.n.01,6,excavation.n.03,1300,1,1,n03982060,False
cistern.n.03,7,pool.n.01,1300,1,1,n03035510,False
rain_barrel.n.01,8,cistern.n.03,1300,0,1,n04049303,True
recreational_vehicle.n.01,9,self-propelled_vehicle.n.01,1300,0,1,n04065272,True
winder.n.03,9,mechanical_device.n.01,1300,1,1,n04586421,False
reel.n.03,10,winder.n.03,1300,0,1,n04067472,True
reflex_camera.n.01,9,camera.n.01,1300,0,1,n04069434,True
refrigerator.n.01,11,white_goods.n.01,1300,0,1,n04070727,True
remote_control.n.01,7,device.n.01,1300,0,1,n04074963,True
restaurant.n.01,7,building.n.01,1300,0,1,n04081281,True
pistol.n.01,11,firearm.n.01,1300,1,1,n03948459,False
revolver.n.01,12,pistol.n.01,1300,0,1,n04086273,True
rifle.n.01,11,firearm.n.01,1300,0,1,n04090263,True
rocking_chair.n.01,10,chair.n.01,1300,0,1,n04099969,True
rotisserie.n.01,12,oven.n.01,1300,0,1,n04111531,True
eraser.n.01,7,implement.n.01,1300,1,1,n03294833,False
rubber_eraser.n.01,8,eraser.n.01,1300,0,1,n04116512,True
rugby_ball.n.01,9,ball.n.01,1300,0,1,n04118538,True
measuring_stick.n.01,9,measuring_instrument.n.01,1300,1,1,n03735637,False
rule.n.12,10,measuring_stick.n.01,1300,0,1,n04118776,True
running_shoe.n.01,8,shoe.n.01,1300,0,1,n04120489,True
strongbox.n.01,8,box.n.01,1029,1,1,n04340750,False
safe.n.01,9,strongbox.n.01,1029,0,1,n04125021,True
pin.n.09,9,fastener.n.02,1259,1,1,n03940256,False
safety_pin.n.01,10,pin.n.09,1259,0,1,n04127249,True
saltshaker.n.01,8,shaker.n.03,1300,0,1,n04131690,True
sandal.n.01,8,shoe.n.01,1300,0,1,n04133789,True
sarong.n.01,10,skirt.n.02,1300,0,1,n04136333,True
single-reed_instrument.n.01,11,beating-reed_instrument.n.01,1300,1,1,n04222847,False
sax.n.02,12,single-reed_instrument.n.01,1300,0,1,n04141076,True
scabbard.n.01,8,sheath.n.01,1300,0,1,n04141327,True
scale.n.07,9,measuring_instrument.n.01,1300,0,1,n04141975,True
school_bus.n.01,9,bus.n.01,1300,0,1,n04146614,True
schooner.n.02,11,sailing_vessel.n.01,1300,0,1,n04147183,True
sheet.n.06,5,artifact.n.01,1300,1,1,n04188643,False
board.n.03,6,sheet.n.06,1300,1,1,n02856463,False
scoreboard.n.01,7,board.n.03,1300,0,1,n04149813,True
display.n.06,8,electronic_device.n.01,1267,1,1,n03211117,False
screen.n.03,9,display.n.06,1267,0,1,n04152593,True
screw.n.04,9,fastener.n.02,1300,0,1,n04153751,True
screwdriver.n.01,9,hand_tool.n.01,1300,0,1,n04154565,True
accessory.n.01,8,clothing.n.01,1300,1,1,n02671780,False
belt.n.02,9,accessory.n.01,1300,1,1,n02827606,False
safety_belt.n.01,10,belt.n.02,1300,1,1,n04125853,False
seat_belt.n.01,11,safety_belt.n.01,1300,0,1,n04162706,True
sewing_machine.n.01,10,home_appliance.n.01,1300,0,1,n04179913,True
shield.n.02,8,armor.n.01,1300,0,1,n04192698,True
shoe_shop.n.01,10,shop.n.01,1300,0,1,n04200800,True
screen.n.04,6,covering.n.02,1249,1,1,n04151940,False
shoji.n.01,7,screen.n.04,1249,0,1,n04201297,True
shopping_basket.n.01,8,basket.n.01,1300,0,1,n04204238,True
shopping_cart.n.01,9,handcart.n.01,1300,0,1,n04204347,True
shovel.n.01,9,hand_tool.n.01,1300,0,1,n04208210,True
shower_cap.n.01,10,cap.n.01,1300,0,1,n04209133,True
blind.n.03,7,protective_covering.n.01,3864,2,3,n02851099,False
curtain.n.01,8,blind.n.03,2564,2,2,n03151077,False
shower_curtain.n.01,9,curtain.n.01,1300,0,1,n04209239,True
runner.n.09,7,device.n.01,1300,1,1,n04120093,False
ski.n.01,8,runner.n.09,1300,0,1,n04228054,True
face_mask.n.01,8,mask.n.04,1300,1,1,n03314378,False
ski_mask.n.01,9,face_mask.n.01,1300,0,1,n04229816,True
sleeping_bag.n.01,8,bag.n.01,1300,0,1,n04235860,True
analog_computer.n.01,9,computer.n.01,1162,1,1,n02708224,False
slide_rule.n.01,10,analog_computer.n.01,1162,0,1,n04238763,True
movable_barrier.n.01,8,barrier.n.01,2600,2,2,n03795580,False
door.n.01,9,movable_barrier.n.01,1300,1,1,n03221720,False
sliding_door.n.01,10,door.n.01,1300,0,1,n04239074,True
slot_machine.n.01,8,machine.n.01,2600,2,2,n04243941,False
slot.n.07,9,slot_machine.n.01,1300,0,1,n04243546,True
snorkel.n.01,8,breathing_device.n.01,1300,0,1,n04251144,True
tracked_vehicle.n.01,9,self-propelled_vehicle.n.01,1300,1,1,n04464852,False
snowmobile.n.01,10,tracked_vehicle.n.01,1300,0,1,n04252077,True
snowplow.n.01,10,motor_vehicle.n.01,1300,0,1,n04252225,True
dispenser.n.01,7,container.n.01,1300,1,1,n03210683,False
soap_dispenser.n.01,8,dispenser.n.01,1300,0,1,n04254120,True
soccer_ball.n.01,9,ball.n.01,1300,0,1,n04254680,True
sock.n.01,10,hosiery.n.01,1300,0,1,n04254777,True
solar_dish.n.01,8,reflector.n.01,1300,0,1,n04258138,True
sombrero.n.02,10,hat.n.01,1300,0,1,n04259630,True
soup_bowl.n.01,9,bowl.n.03,1300,0,1,n04263257,True
bar.n.03,7,implement.n.01,1045,1,1,n02788689,False
lever.n.01,8,bar.n.03,1045,1,1,n03659292,False
key.n.15,9,lever.n.01,1045,1,1,n03613592,False
space_bar.n.01,10,key.n.15,1045,0,1,n04264628,True
heater.n.01,7,device.n.01,2304,2,2,n03508101,False
space_heater.n.01,8,heater.n.01,1004,0,1,n04265275,True
spacecraft.n.01,9,craft.n.02,1238,1,1,n04264914,False
space_shuttle.n.01,10,spacecraft.n.01,1238,0,1,n04266014,True
turner.n.08,10,cooking_utensil.n.01,1300,1,1,n04500060,False
spatula.n.01,11,turner.n.08,1300,0,1,n04270147,True
motorboat.n.01,11,boat.n.01,1300,1,1,n03790230,False
speedboat.n.01,12,motorboat.n.01,1300,0,1,n04273569,True
web.n.02,8,trap.n.01,1300,1,1,n04568557,False
spider_web.n.01,9,web.n.02,1300,0,1,n04275548,True
spindle.n.04,8,stick.n.01,1300,0,1,n04277352,True
sports_car.n.01,11,car.n.01,1300,0,1,n04285008,True
spotlight.n.02,9,lamp.n.01,1300,0,1,n04286575,True
surface.n.01,5,artifact.n.01,1300,1,1,n04362025,False
horizontal_surface.n.01,6,surface.n.01,1300,1,1,n03536348,False
platform.n.01,7,horizontal_surface.n.01,1300,1,1,n03961939,False
stage.n.03,8,platform.n.01,1300,0,1,n04296562,True
steam_locomotive.n.01,10,locomotive.n.01,1300,0,1,n04310018,True
bridge.n.01,6,structure.n.01,3753,3,3,n02898711,False
steel_arch_bridge.n.01,7,bridge.n.01,1153,0,1,n04311004,True
steel_drum.n.01,9,percussion_instrument.n.01,1300,0,1,n04311174,True
medical_instrument.n.01,8,instrument.n.01,2600,2,2,n03739693,False
stethoscope.n.01,9,medical_instrument.n.01,1300,0,1,n04317175,True
stole.n.01,10,scarf.n.01,1300,0,1,n04325704,True
stone_wall.n.01,9,fence.n.01,1300,0,1,n04326547,True
stopwatch.n.01,11,timer.n.01,1084,0,1,n04328186,True
stove.n.02,8,heater.n.01,1300,0,1,n04330267,True
strainer.n.01,8,filter.n.01,1300,0,1,n04332243,True
streetcar.n.01,9,self-propelled_vehicle.n.01,1300,0,1,n04335435,True
litter.n.03,7,conveyance.n.03,1300,1,1,n03678362,False
stretcher.n.03,8,litter.n.03,1300,0,1,n04336792,True
sofa.n.01,9,seat.n.03,1300,1,1,n04256520,False
convertible.n.03,10,sofa.n.01,1300,1,1,n03100346,False
studio_couch.n.01,11,convertible.n.03,1300,0,1,n04344873,True
shrine.n.01,8,place_of_worship.n.01,1300,1,1,n04210390,False
stupa.n.01,9,shrine.n.01,1300,0,1,n04346328,True
submersible.n.02,10,warship.n.01,1300,1,1,n04348184,False
submarine.n.01,11,submersible.n.02,1300,0,1,n04347754,True
suit.n.01,9,garment.n.01,1300,0,1,n04350905,True
sundial.n.01,10,timepiece.n.01,1300,0,1,n04355338,True
optical_device.n.01,7,device.n.01,1300,1,1,n03851341,False
lens.n.01,8,optical_device.n.01,1300,1,1,n03656484,False
converging_lens.n.01,9,lens.n.01,1300,1,1,n03099771,False
sunglass.n.01,10,converging_lens.n.01,1300,0,1,n04355933,True
spectacles.n.01,9,optical_instrument.n.01,1300,1,1,n04272054,False
sunglasses.n.01,10,spectacles.n.01,1300,0,1,n04356056,True
cream.n.03,7,toiletry.n.01,1217,1,1,n03128519,False
sunscreen.n.01,8,cream.n.03,1217,0,1,n04357314,True
suspension_bridge.n.01,7,bridge.n.01,1300,0,1,n04366367,True
swab.n.02,8,cleaning_implement.n.01,1300,0,1,n04367480,True
pullover.n.01,10,sweater.n.01,931,1,1,n04021028,False
sweatshirt.n.01,11,pullover.n.01,931,0,1,n04370456,True
swimming_trunks.n.01,10,swimsuit.n.01,1300,0,1,n04371430,True
swing.n.02,9,mechanical_device.n.01,1300,0,1,n04371774,True
switch.n.01,9,control.n.09,1300,0,1,n04372370,True
syringe.n.01,9,medical_instrument.n.01,1300,0,1,n04376876,True
lamp.n.02,8,furniture.n.01,1300,1,1,n03636649,False
table_lamp.n.01,9,lamp.n.02,1300,0,1,n04380533,True
armored_vehicle.n.01,9,self-propelled_vehicle.n.01,1300,1,1,n02740533,False
tank.n.01,10,armored_vehicle.n.01,1300,0,1,n04389033,True
tape_player.n.01,8,electronic_equipment.n.01,1300,0,1,n04392985,True
teapot.n.01,11,pot.n.01,1300,0,1,n04398044,True
plaything.n.01,5,artifact.n.01,1300,1,1,n03964744,False
teddy.n.01,6,plaything.n.01,1300,0,1,n04399382,True
telecommunication_system.n.01,8,communication_system.n.01,1300,1,1,n04400289,False
television.n.02,9,telecommunication_system.n.01,1300,0,1,n04404412,True
tennis_ball.n.01,9,ball.n.01,1300,0,1,n04409515,True
thatch.n.04,8,roof.n.01,1300,0,1,n04417672,True
theater_curtain.n.01,9,curtain.n.01,1264,0,1,n04418357,True
thimble.n.02,8,cap.n.04,1300,0,1,n04423845,True
thresher.n.01,9,farm_machine.n.01,1300,0,1,n04428191,True
chair_of_state.n.01,10,chair.n.01,976,1,1,n03002210,False
throne.n.01,11,chair_of_state.n.01,976,0,1,n04429376,True
tile_roof.n.01,8,roof.n.01,1300,0,1,n04435653,True
toaster.n.02,11,kitchen_appliance.n.01,1300,0,1,n04442312,True
tobacco_shop.n.01,10,shop.n.01,1250,0,1,n04443257,True
toilet_seat.n.01,9,seat.n.03,1300,0,1,n04447861,True
light.n.02,8,source_of_illumination.n.01,1300,1,1,n03665366,False
torch.n.01,9,light.n.02,1300,0,1,n04456115,True
totem_pole.n.01,7,column.n.06,1300,0,1,n04458633,True
tow_truck.n.01,11,truck.n.01,1300,0,1,n04461696,True
toyshop.n.01,10,shop.n.01,1300,0,1,n04462240,True
tractor.n.01,9,self-propelled_vehicle.n.01,1300,0,1,n04465501,True
trailer_truck.n.01,11,truck.n.01,1300,0,1,n04467665,True
receptacle.n.01,7,container.n.01,1300,1,1,n04060904,False
tray.n.01,8,receptacle.n.01,1300,0,1,n04476259,True
raincoat.n.01,11,coat.n.01,1053,1,1,n04049405,False
trench_coat.n.01,12,raincoat.n.01,1053,0,1,n04479046,True
tricycle.n.01,8,wheeled_vehicle.n.01,1300,0,1,n04482393,True
trimaran.n.01,12,sailboat.n.01,1300,0,1,n04483307,True
rack.n.05,8,support.n.10,1160,1,1,n04038440,False
tripod.n.01,9,rack.n.05,1160,0,1,n04485082,True
arch.n.04,6,structure.n.01,1300,1,1,n02733524,False
triumphal_arch.n.01,7,arch.n.04,1300,0,1,n04486054,True
trolleybus.n.01,9,bus.n.01,1300,0,1,n04487081,True
trombone.n.01,10,brass.n.02,1300,0,1,n04487394,True
tub.n.02,8,vessel.n.03,1300,0,1,n04493381,True
gate.n.01,9,movable_barrier.n.01,1300,1,1,n03427296,False
turnstile.n.01,10,gate.n.01,1300,0,1,n04501370,True
keyboard.n.01,7,device.n.01,1300,1,1,n03614007,False
typewriter_keyboard.n.01,8,keyboard.n.01,1300,0,1,n04505470,True
canopy.n.03,8,shelter.n.02,1300,1,1,n02951843,False
umbrella.n.01,9,canopy.n.03,1300,0,1,n04507155,True
unicycle.n.01,8,wheeled_vehicle.n.01,1300,0,1,n04509417,True
upright.n.02,10,piano.n.01,1300,0,1,n04515003,True
vacuum.n.04,10,home_appliance.n.01,1300,0,1,n04517823,True
vase.n.01,9,jar.n.01,1300,0,1,n04522168,True
vault.n.03,8,roof.n.01,1300,0,1,n04523525,True
velvet.n.01,6,fabric.n.01,1062,0,1,n04525038,True
vending_machine.n.01,9,slot_machine.n.01,1300,0,1,n04525305,True
vestment.n.01,10,gown.n.05,1300,0,1,n04532106,True
viaduct.n.01,7,bridge.n.01,1300,0,1,n04532670,True
violin.n.01,10,bowed_stringed_instrument.n.01,1300,0,1,n04536866,True
volleyball.n.02,9,ball.n.01,1300,0,1,n04540053,True
waffle_iron.n.01,11,kitchen_appliance.n.01,1137,0,1,n04542943,True
wall_clock.n.01,11,clock.n.01,1299,0,1,n04548280,True
case.n.05,7,container.n.01,1300,1,1,n02974697,False
wallet.n.01,8,case.n.05,1300,0,1,n04548362,True
wardrobe.n.01,8,furniture.n.01,1300,0,1,n04550184,True
warplane.n.01,11,heavier-than-air_craft.n.01,1300,0,1,n04552348,True
basin.n.01,8,vessel.n.03,1300,1,1,n02801525,False
washbasin.n.02,9,basin.n.01,1300,0,1,n04553703,True
washer.n.03,11,white_goods.n.01,1300,0,1,n04554684,True
water_bottle.n.01,9,bottle.n.01,1300,0,1,n04557648,True
jug.n.01,9,bottle.n.01,2355,2,2,n03603722,False
water_jug.n.01,10,jug.n.01,1300,0,1,n04560804,True
tank.n.02,8,vessel.n.03,1300,1,1,n04388743,False
reservoir.n.03,9,tank.n.02,1300,1,1,n04078574,False
water_tower.n.01,10,reservoir.n.03,1300,0,1,n04562935,True
whiskey_jug.n.01,10,jug.n.01,1055,0,1,n04579145,True
acoustic_device.n.01,7,device.n.01,1300,1,1,n02676261,False
whistle.n.04,8,acoustic_device.n.01,1300,0,1,n04579432,True
attire.n.01,8,clothing.n.01,1300,1,1,n02756098,False
hairpiece.n.01,9,attire.n.01,1300,1,1,n03476083,False
wig.n.01,10,hairpiece.n.01,1300,0,1,n04584207,True
window_screen.n.01,8,screen.n.05,1300,0,1,n04589890,True
window_blind.n.01,8,blind.n.03,1300,1,1,n04589190,False
window_shade.n.01,9,window_blind.n.01,1300,0,1,n04590129,True
windsor_tie.n.01,11,necktie.n.01,1213,0,1,n04591157,True
wine_bottle.n.01,9,bottle.n.01,1300,0,1,n04591713,True
airfoil.n.01,7,device.n.01,1300,1,1,n02688443,False
wing.n.02,8,airfoil.n.01,1300,0,1,n04592741,True
wok.n.01,11,pan.n.01,1300,0,1,n04596742,True
spoon.n.01,7,container.n.01,1300,1,1,n04284002,False
wooden_spoon.n.02,8,spoon.n.01,1300,0,1,n04597913,True
wool.n.01,6,fabric.n.01,1300,0,1,n04599235,True
rail_fence.n.01,9,fence.n.01,1300,1,1,n04046974,False
worm_fence.n.01,10,rail_fence.n.01,1300,0,1,n04604644,True
wreck.n.04,11,ship.n.01,1300,0,1,n04606251,True
yawl.n.01,12,small_boat.n.01,1206,0,1,n04612504,True
yurt.n.01,8,dwelling.n.01,1300,0,1,n04613696,True
web_site.n.01,9,computer.n.01,1300,0,1,n06359193,True
medium.n.01,6,instrumentality.n.03,1300,1,1,n06254669,False
print_media.n.01,7,medium.n.01,1300,1,1,n06263609,False
press.n.02,8,print_media.n.01,1300,1,1,n06263369,False
magazine.n.01,9,press.n.02,1300,1,1,n06595351,False
comic_book.n.01,10,magazine.n.01,1300,0,1,n06596364,True
crossword_puzzle.n.01,10,puzzle.n.02,1300,0,1,n06785654,True
abstraction.n.06,1,entity.n.01,3900,2,3,n00002137,False
communication.n.02,2,abstraction.n.06,2600,2,2,n00033020,False
sign.n.02,3,communication.n.02,1300,1,1,n06793231,False
street_sign.n.01,4,sign.n.02,1300,0,1,n06794110,True
signal.n.01,3,communication.n.02,1300,1,1,n06791372,False
visual_signal.n.01,4,signal.n.01,1300,1,1,n06873571,False
light.n.14,5,visual_signal.n.01,1300,1,1,n06874019,False
traffic_light.n.01,6,light.n.14,1300,0,1,n06874185,True
wrapping.n.01,6,covering.n.02,1154,1,1,n04605726,False
jacket.n.02,7,wrapping.n.01,1154,1,1,n03590306,False
book_jacket.n.01,8,jacket.n.02,1154,0,1,n07248320,True
matter.n.03,2,physical_entity.n.01,50113,3,39,n00020827,False
substance.n.07,3,matter.n.03,28249,1,22,n00020090,False
food.n.01,4,substance.n.07,28249,5,22,n00021265,False
fare.n.04,5,food.n.01,1300,1,1,n07560652,False
menu.n.02,6,fare.n.04,1300,0,1,n07565083,True
nutriment.n.01,5,food.n.01,15356,2,12,n07570720,False
course.n.07,6,nutriment.n.01,5200,2,4,n07556970,False
entree.n.01,7,course.n.07,1300,1,1,n07579575,False
plate.n.08,8,entree.n.01,1300,0,1,n07579787,True
foodstuff.n.02,5,food.n.01,5200,2,4,n07566340,False
ingredient.n.03,6,foodstuff.n.02,3900,1,3,n07809096,False
flavorer.n.01,7,ingredient.n.03,3900,1,3,n07809368,False
condiment.n.01,8,flavorer.n.01,3900,2,3,n07810907,False
dip.n.04,9,condiment.n.01,1300,1,1,n07582609,False
guacamole.n.01,10,dip.n.04,1300,0,1,n07583066,True
dish.n.02,6,nutriment.n.01,10156,7,8,n07557434,False
soup.n.01,7,dish.n.02,1207,1,1,n07583197,False
consomme.n.01,8,soup.n.01,1207,0,1,n07584110,True
stew.n.02,7,dish.n.02,1149,1,1,n07588947,False
hot_pot.n.01,8,stew.n.02,1149,0,1,n07590611,True
dessert.n.01,7,course.n.07,3900,2,3,n07609840,False
pudding.n.02,8,dessert.n.01,1300,1,1,n07612996,False
trifle.n.01,9,pudding.n.02,1300,0,1,n07613480,True
frozen_dessert.n.01,8,dessert.n.01,2600,2,2,n07611358,False
ice_cream.n.01,9,frozen_dessert.n.01,1300,0,1,n07614500,True
ice_lolly.n.01,9,frozen_dessert.n.01,1300,0,1,n07615774,True
solid.n.01,3,matter.n.03,20564,1,16,n15046900,False
food.n.02,4,solid.n.01,20564,2,16,n07555863,False
baked_goods.n.01,5,food.n.02,3900,1,3,n07622061,False
bread.n.01,6,baked_goods.n.01,3900,3,3,n07679356,False
loaf_of_bread.n.01,7,bread.n.01,1300,1,1,n07683786,False
french_loaf.n.01,8,loaf_of_bread.n.01,1300,0,1,n07684084,True
bun.n.01,7,bread.n.01,1300,1,1,n07680932,False
bagel.n.01,8,bun.n.01,1300,0,1,n07693725,True
cracker.n.01,7,bread.n.01,1300,1,1,n07681926,False
pretzel.n.01,8,cracker.n.01,1300,0,1,n07695742,True
snack_food.n.01,7,dish.n.02,2600,1,2,n07712382,False
sandwich.n.01,8,snack_food.n.01,2600,2,2,n07695965,False
hamburger.n.01,9,sandwich.n.01,1300,1,1,n07697100,False
cheeseburger.n.01,10,hamburger.n.01,1300,0,1,n07697313,True
hotdog.n.02,9,sandwich.n.01,1300,0,1,n07697537,True
produce.n.01,5,food.n.02,16664,1,13,n07705711,False
vegetable.n.01,6,produce.n.01,16664,8,13,n07707451,False
root_vegetable.n.01,7,vegetable.n.01,1300,1,1,n07710283,False
potato.n.01,8,root_vegetable.n.01,1300,1,1,n07710616,False
mashed_potato.n.01,9,potato.n.01,1300,0,1,n07711569,True
cruciferous_vegetable.n.01,7,vegetable.n.01,3900,3,3,n07713395,False
cabbage.n.01,8,cruciferous_vegetable.n.01,1300,1,1,n07713895,False
head_cabbage.n.02,9,cabbage.n.01,1300,0,1,n07714571,True
broccoli.n.02,8,cruciferous_vegetable.n.01,1300,0,1,n07714990,True
cauliflower.n.02,8,cruciferous_vegetable.n.01,1300,0,1,n07715103,True
squash.n.02,7,vegetable.n.01,5139,2,4,n07715561,False
summer_squash.n.02,8,squash.n.02,2539,2,2,n07715721,False
zucchini.n.02,9,summer_squash.n.02,1300,0,1,n07716358,True
spaghetti_squash.n.02,9,summer_squash.n.02,1239,0,1,n07716906,True
winter_squash.n.02,8,squash.n.02,2600,2,2,n07717070,False
acorn_squash.n.02,9,winter_squash.n.02,1300,0,1,n07717410,True
butternut_squash.n.02,9,winter_squash.n.02,1300,0,1,n07717556,True
cucumber.n.02,7,vegetable.n.01,1300,0,1,n07718472,True
artichoke.n.02,7,vegetable.n.01,1300,0,1,n07718747,True
solanaceous_vegetable.n.01,7,vegetable.n.01,1300,1,1,n07710007,False
pepper.n.04,8,solanaceous_vegetable.n.01,1300,1,1,n07720442,False
sweet_pepper.n.02,9,pepper.n.04,1300,1,1,n07720615,False
bell_pepper.n.02,10,sweet_pepper.n.02,1300,0,1,n07720875,True
cardoon.n.02,7,vegetable.n.01,1125,0,1,n07730033,True
mushroom.n.05,7,vegetable.n.01,1300,0,1,n07734744,True
natural_object.n.01,4,whole.n.02,22100,2,17,n00019128,False
plant_part.n.01,5,natural_object.n.01,20800,1,16,n13086908,False
plant_organ.n.01,6,plant_part.n.01,20800,1,16,n13087625,False
reproductive_structure.n.01,7,plant_organ.n.01,20800,1,16,n11675842,False
fruit.n.01,8,reproductive_structure.n.01,20800,5,16,n13134947,False
edible_fruit.n.01,9,fruit.n.01,13000,9,10,n07705931,False
apple.n.01,10,edible_fruit.n.01,1300,1,1,n07739125,False
eating_apple.n.01,11,apple.n.01,1300,1,1,n07739506,False
granny_smith.n.01,12,eating_apple.n.01,1300,0,1,n07742313,True
berry.n.01,10,edible_fruit.n.01,1300,1,1,n07742704,False
strawberry.n.01,11,berry.n.01,1300,0,1,n07745940,True
citrus.n.01,10,edible_fruit.n.01,2600,2,2,n07747055,False
orange.n.01,11,citrus.n.01,1300,0,1,n07747607,True
lemon.n.01,11,citrus.n.01,1300,0,1,n07749582,True
fig.n.04,10,edible_fruit.n.01,1300,0,1,n07753113,True
pineapple.n.02,10,edible_fruit.n.01,1300,0,1,n07753275,True
banana.n.02,10,edible_fruit.n.01,1300,0,1,n07753592,True
jackfruit.n.02,10,edible_fruit.n.01,1300,0,1,n07754684,True
custard_apple.n.02,10,edible_fruit.n.01,1300,0,1,n07760859,True
pomegranate.n.02,10,edible_fruit.n.01,1300,0,1,n07768694,True
feed.n.01,5,food.n.01,1300,1,1,n07800091,False
fodder.n.02,6,feed.n.01,1300,1,1,n07800740,False
hay.n.01,7,fodder.n.02,1300,0,1,n07802026,True
sauce.n.01,9,condiment.n.01,2600,2,2,n07829412,False
spaghetti_sauce.n.01,10,sauce.n.01,1300,1,1,n07838233,False
carbonara.n.01,11,spaghetti_sauce.n.01,1300,0,1,n07831146,True
chocolate_sauce.n.01,10,sauce.n.01,1300,0,1,n07836838,True
concoction.n.01,6,foodstuff.n.02,1300,1,1,n07882497,False
dough.n.01,7,concoction.n.01,1300,0,1,n07860988,True
meat_loaf.n.01,7,dish.n.02,1300,0,1,n07871810,True
pizza.n.01,7,dish.n.02,1300,0,1,n07873807,True
potpie.n.01,7,dish.n.02,1300,0,1,n07875152,True
burrito.n.01,7,dish.n.02,1300,0,1,n07880968,True
beverage.n.01,5,food.n.01,5093,2,4,n07881800,False
alcohol.n.01,6,beverage.n.01,3793,2,3,n07884567,False
wine.n.01,7,alcohol.n.01,1300,1,1,n07891726,False
red_wine.n.01,8,wine.n.01,1300,0,1,n07892512,True
coffee.n.01,6,beverage.n.01,1300,1,1,n07929519,False
espresso.n.01,7,coffee.n.01,1300,0,1,n07920052,True
mixed_drink.n.01,7,alcohol.n.01,2493,1,2,n07911371,False
punch.n.02,8,mixed_drink.n.01,2493,2,2,n07930554,False
cup.n.06,9,punch.n.02,1300,0,1,n07930864,True
eggnog.n.01,9,punch.n.02,1193,0,1,n07932039,True
geological_formation.n.01,3,object.n.01,11700,5,9,n09287968,False
natural_elevation.n.01,4,geological_formation.n.01,5200,3,4,n09366317,False
mountain.n.01,5,natural_elevation.n.01,2600,2,2,n09359803,False
alp.n.01,6,mountain.n.01,1300,0,1,n09193705,True
attribute.n.02,2,abstraction.n.06,1300,1,1,n00024264,False
shape.n.02,3,attribute.n.02,1300,1,1,n00027807,False
round_shape.n.01,4,shape.n.02,1300,1,1,n13865483,False
sphere.n.05,5,round_shape.n.01,1300,1,1,n13899200,False
ball.n.03,6,sphere.n.05,1300,1,1,n13899404,False
globule.n.01,7,ball.n.03,1300,1,1,n09289709,False
bubble.n.01,8,globule.n.01,1300,0,1,n09229709,True
cliff.n.01,4,geological_formation.n.01,1300,0,1,n09246464,True
ridge.n.01,5,natural_elevation.n.01,1300,1,1,n09409512,False
reef.n.01,6,ridge.n.01,1300,1,1,n09406793,False
coral_reef.n.01,7,reef.n.01,1300,0,1,n09256479,True
spring.n.03,4,geological_formation.n.01,1300,1,1,n09443453,False
geyser.n.01,5,spring.n.03,1300,0,1,n09288635,True
shore.n.01,4,geological_formation.n.01,2600,2,2,n09433442,False
lakeside.n.01,5,shore.n.01,1300,0,1,n09332890,True
promontory.n.01,5,natural_elevation.n.01,1300,0,1,n09399592,True
mechanism.n.03,5,natural_object.n.01,1300,1,1,n09349797,False
barrier.n.03,6,mechanism.n.03,1300,1,1,n09214581,False
bar.n.08,7,barrier.n.03,1300,1,1,n09214060,False
sandbar.n.01,8,bar.n.08,1300,0,1,n09421951,True
seashore.n.01,5,shore.n.01,1300,0,1,n09428293,True
natural_depression.n.01,4,geological_formation.n.01,1300,1,1,n09366017,False
valley.n.01,5,natural_depression.n.01,1300,0,1,n09468604,True
volcano.n.02,6,mountain.n.01,1300,0,1,n09472597,True
causal_agent.n.01,2,physical_entity.n.01,3900,1,3,n00007347,False
person.n.01,3,causal_agent.n.01,3900,3,3,n00007846,False
contestant.n.01,4,person.n.01,1300,1,1,n09613191,False
athlete.n.01,5,contestant.n.01,1300,1,1,n09820263,False
ballplayer.n.01,6,athlete.n.01,1300,0,1,n09835506,True
peer.n.01,4,person.n.01,1300,1,1,n09626238,False
associate.n.01,5,peer.n.01,1300,1,1,n09816771,False
participant.n.01,6,associate.n.01,1300,1,1,n10401829,False
groom.n.01,7,participant.n.01,1300,0,1,n10148035,True
explorer.n.01,4,person.n.01,1300,1,1,n10072708,False
diver.n.01,5,explorer.n.01,1300,1,1,n10019552,False
scuba_diver.n.01,6,diver.n.01,1300,0,1,n10565667,True
seed.n.01,9,fruit.n.01,3900,3,3,n13135832,False
oilseed.n.01,10,seed.n.01,1300,1,1,n11689483,False
rapeseed.n.01,11,oilseed.n.01,1300,0,1,n11879895,True
plant.n.02,6,organism.n.01,2600,1,2,n00017222,False
vascular_plant.n.01,7,plant.n.02,2600,1,2,n13083586,False
spermatophyte.n.01,8,vascular_plant.n.01,2600,1,2,n11552386,False
angiosperm.n.01,9,spermatophyte.n.01,2600,1,2,n11665372,False
flower.n.01,10,angiosperm.n.01,2600,2,2,n11669921,False
daisy.n.01,11,flower.n.01,1300,0,1,n11939491,True
orchid.n.01,11,flower.n.01,1300,1,1,n12041446,False
lady's_slipper.n.01,12,orchid.n.01,1300,1,1,n12056217,False
yellow_lady's_slipper.n.01,13,lady's_slipper.n.01,1300,0,1,n12057211,True
grain.n.07,10,seed.n.01,1300,1,1,n12156819,False
kernel.n.02,11,grain.n.07,1300,1,1,n12157056,False
corn.n.02,12,kernel.n.02,1300,0,1,n12144580,True
acorn.n.01,9,fruit.n.01,1300,0,1,n12267677,True
hip.n.05,9,fruit.n.01,1300,0,1,n12620546,True
buckeye.n.01,10,seed.n.01,1300,0,1,n12768682,True
fungus.n.01,6,organism.n.01,9100,7,7,n12992868,False
coral_fungus.n.01,7,fungus.n.01,1300,0,1,n12985857,True
basidiomycete.n.01,7,fungus.n.01,1300,1,1,n12997654,False
agaric.n.02,8,basidiomycete.n.01,1300,0,1,n12998815,True
gyromitra.n.01,7,fungus.n.01,1300,0,1,n13037406,True
stinkhorn.n.01,7,fungus.n.01,1300,0,1,n13040303,True
earthstar.n.01,7,fungus.n.01,1300,0,1,n13044778,True
hen-of-the-woods.n.01,7,fungus.n.01,1300,0,1,n13052670,True
bolete.n.01,7,fungus.n.01,1300,0,1,n13054560,True
ear.n.05,9,fruit.n.01,1300,0,1,n13133613,True
substance.n.01,3,matter.n.03,1300,1,1,n00019613,False
material.n.01,4,substance.n.01,1300,1,1,n14580897,False
paper.n.01,5,material.n.01,1300,1,1,n14974264,False
tissue.n.02,6,paper.n.01,1300,1,1,n15074962,False
toilet_tissue.n.01,7,tissue.n.02,1300,0,1,n15075141,True
